key	legacy_id	kind	owner	source	selector	target	fingerprint	program	interpreter	launched_by	runs_as	reads	writes	executes	network_hosts	verification	capabilities_needed	child_profile_recommendation	shape	launch_risk
archive:accountsservice:post_install	A024	archive_lifecycle	accountsservice	packages/desktop/accountsservice/build.sh	post_install	archive:.scripts/post_install.sh	sha256:15e51ad16915a694ff076f97ba82f4054e5a4eafaa40d2e368c1450594a1884c	archive:accountsservice/.scripts/post_install.sh	/usr/bin/bash -e	pkm/hooks.py	root	GLib schema XML/overrides	gschemas.compiled	glib-compile-schemas	none	body SHA-256 15e51ad16915a694ff076f97ba82f4054e5a4eafaa40d2e368c1450594a1884c bound to base recipe; package archive/index trust precedes extraction	root schema-directory DAC	transitional Cx:archive-lifecycle/glib-schemas; end state stable package-owned Px; never inherit pkm	glib-schemas	pkm starts /usr/bin/bash -e; body children remain PATH-resolved unless explicitly absolute
archive:adw-gtk3-theme:post_install	A-NOOP-001	archive_noop	adw-gtk3-theme	packages/desktop/adw-gtk3-theme/build.sh	post_install	archive:.scripts/post_install.sh	sha256:16630290f8e8973bd653fb3f38b4e774fde0d147aaae97fcedd16fd36c42d600	archive:adw-gtk3-theme/.scripts/post_install.sh	/usr/bin/bash -e	pkm/hooks.py	root today	none	none	none	none	exact body SHA-256 sha256:16630290f8e8973bd653fb3f38b4e774fde0d147aaae97fcedd16fd36c42d600; conservative no-op classifier with mutation controls	none	remove declarations or make hook sealing skip semantically empty bodies; no child execution authority	no-op-aggregate	pkm starts /usr/bin/bash -e; body children remain PATH-resolved unless explicitly absolute
archive:adwaita-icon-theme:post_install	A025	archive_lifecycle	adwaita-icon-theme	packages/desktop/adwaita-icon-theme/build.sh	post_install	archive:.scripts/post_install.sh	sha256:78bc8a739956baa83f70e8be95c3aa664d140274e6de9a85fb5bf1dc881f8428	archive:adwaita-icon-theme/.scripts/post_install.sh	/usr/bin/bash -e	pkm/hooks.py	root	one icon theme	icon-theme.cache	gtk-update-icon-cache	none	body SHA-256 78bc8a739956baa83f70e8be95c3aa664d140274e6de9a85fb5bf1dc881f8428 bound to base recipe; package archive/index trust precedes extraction	root theme-directory DAC	transitional Cx:archive-lifecycle/icon-cache; end state stable package-owned Px; never inherit pkm	icon-cache	pkm starts /usr/bin/bash -e; body children remain PATH-resolved unless explicitly absolute
archive:alsa-utils:post_install	A026	archive_lifecycle	alsa-utils	packages/desktop/alsa-utils/build.sh	post_install	archive:.scripts/post_install.sh	sha256:1ff59d0c49f8a53644deb1200e93b367bb932f93e76a9b411e132fdab88875c3	archive:alsa-utils/.scripts/post_install.sh	/usr/bin/bash -e	pkm/hooks.py	root	udev rules and sysfs device state	udev daemon runtime rules/state	udevadm	none	body SHA-256 1ff59d0c49f8a53644deb1200e93b367bb932f93e76a9b411e132fdab88875c3 bound to base recipe; package archive/index trust precedes extraction	udev control socket and device-event authority	transitional Cx:archive-lifecycle/udev-refresh; end state stable package-owned Px; never inherit pkm	udev-refresh	pkm starts /usr/bin/bash -e; body children remain PATH-resolved unless explicitly absolute
archive:apache-httpd:post_install	A096	archive_lifecycle	apache-httpd	packages/extra/apache-httpd/build.sh	post_install	archive:.scripts/post_install.sh	sha256:503cf639286a6ebd06ec01b2aea95ce2455e9916cc0004ce116b9ef584a750f4	archive:apache-httpd/.scripts/post_install.sh	/usr/bin/bash -e	pkm/hooks.py	root	Apache state dirs and AppArmor profile	state/log ownership; running-kernel AppArmor policy	chown; apparmor_parser	none	body SHA-256 503cf639286a6ebd06ec01b2aea95ce2455e9916cc0004ce116b9ef584a750f4 bound to base recipe; package archive/index trust precedes extraction	CAP_CHOWN; CAP_MAC_ADMIN; root state DAC	transitional Cx:archive-lifecycle/pkg-apache-httpd; end state stable package-owned Px; never inherit pkm	pkg-apache-httpd	pkm starts /usr/bin/bash -e; body children remain PATH-resolved unless explicitly absolute
archive:appstream:post_install	A027	archive_lifecycle	appstream	packages/desktop/appstream/build.sh	post_install	archive:.scripts/post_install.sh	sha256:15e51ad16915a694ff076f97ba82f4054e5a4eafaa40d2e368c1450594a1884c	archive:appstream/.scripts/post_install.sh	/usr/bin/bash -e	pkm/hooks.py	root	GLib schema XML/overrides	gschemas.compiled	glib-compile-schemas	none	body SHA-256 15e51ad16915a694ff076f97ba82f4054e5a4eafaa40d2e368c1450594a1884c bound to base recipe; package archive/index trust precedes extraction	root schema-directory DAC	transitional Cx:archive-lifecycle/glib-schemas; end state stable package-owned Px; never inherit pkm	glib-schemas	pkm starts /usr/bin/bash -e; body children remain PATH-resolved unless explicitly absolute
archive:at-spi2-core:post_install	A028	archive_lifecycle	at-spi2-core	packages/desktop/at-spi2-core/build.sh	post_install	archive:.scripts/post_install.sh	sha256:15e51ad16915a694ff076f97ba82f4054e5a4eafaa40d2e368c1450594a1884c	archive:at-spi2-core/.scripts/post_install.sh	/usr/bin/bash -e	pkm/hooks.py	root	GLib schema XML/overrides	gschemas.compiled	glib-compile-schemas	none	body SHA-256 15e51ad16915a694ff076f97ba82f4054e5a4eafaa40d2e368c1450594a1884c bound to base recipe; package archive/index trust precedes extraction	root schema-directory DAC	transitional Cx:archive-lifecycle/glib-schemas; end state stable package-owned Px; never inherit pkm	glib-schemas	pkm starts /usr/bin/bash -e; body children remain PATH-resolved unless explicitly absolute
archive:at:post_install	A002	archive_lifecycle	at	packages/base/at/build.sh	post_install	archive:.scripts/post_install.sh	sha256:17392c1d05a7b183e934bf76f1c78428a0c62a4dc6d73989ec9048779adc6f4a	archive:at/.scripts/post_install.sh	/usr/bin/bash -e	pkm/hooks.py	root	/usr/lib/sysusers.d/at.conf; at binaries; optional spool sequence	account databases; at binary ownership/setid modes; /var/spool/at{jobs,spool}	systemd-sysusers; chown; chmod; install	none	body SHA-256 17392c1d05a7b183e934bf76f1c78428a0c62a4dc6d73989ec9048779adc6f4a bound to base recipe; package archive/index trust precedes extraction	CAP_CHOWN; CAP_FOWNER; CAP_FSETID; root DAC	transitional Cx:archive-lifecycle/pkg-at; end state stable package-owned Px; never inherit pkm	pkg-at	pkm starts /usr/bin/bash -e; body children remain PATH-resolved unless explicitly absolute
archive:audacity:post_install	A097	archive_lifecycle	audacity	packages/extra/audacity/build.sh	post_install	archive:.scripts/post_install.sh	sha256:a531260285dafdf4836e5421a16341cf0a9608db2b53d189b650f45441248342	archive:audacity/.scripts/post_install.sh	/usr/bin/bash -e	pkm/hooks.py	root	desktop entries, icons and MIME XML	mimeinfo.cache; icon-theme.cache; MIME database	update-desktop-database; gtk-update-icon-cache; update-mime-database	none	body SHA-256 a531260285dafdf4836e5421a16341cf0a9608db2b53d189b650f45441248342 bound to base recipe; package archive/index trust precedes extraction	root application/icon/MIME DAC	transitional Cx:archive-lifecycle/desktop-icon-mime-cache; end state stable package-owned Px; never inherit pkm	desktop-icon-mime-cache	pkm starts /usr/bin/bash -e; body children remain PATH-resolved unless explicitly absolute
archive:bibata-cursor-theme:post_install	A-NOOP-002	archive_noop	bibata-cursor-theme	packages/desktop/bibata-cursor-theme/build.sh	post_install	archive:.scripts/post_install.sh	sha256:257c60f38940d4207835a32d3175a8bf08cefb64f8cad60bf14443b583372cd1	archive:bibata-cursor-theme/.scripts/post_install.sh	/usr/bin/bash -e	pkm/hooks.py	root today	none	none	none	none	exact body SHA-256 sha256:257c60f38940d4207835a32d3175a8bf08cefb64f8cad60bf14443b583372cd1; conservative no-op classifier with mutation controls	none	remove declarations or make hook sealing skip semantically empty bodies; no child execution authority	no-op-aggregate	pkm starts /usr/bin/bash -e; body children remain PATH-resolved unless explicitly absolute
archive:ca-certificates:post_install	A-NOOP-003	archive_noop	ca-certificates	packages/core/ca-certificates/build.sh	post_install	archive:.scripts/post_install.sh	sha256:e1b31f81d4527a55ec0897dd72d8e270e64348ef8aeae13ebc7c520d605ff484	archive:ca-certificates/.scripts/post_install.sh	/usr/bin/bash -e	pkm/hooks.py	root today	none	none	none	none	exact body SHA-256 sha256:e1b31f81d4527a55ec0897dd72d8e270e64348ef8aeae13ebc7c520d605ff484; conservative no-op classifier with mutation controls	none	remove declarations or make hook sealing skip semantically empty bodies; no child execution authority	no-op-aggregate	pkm starts /usr/bin/bash -e; body children remain PATH-resolved unless explicitly absolute
archive:caddy:post_install	A098	archive_lifecycle	caddy	packages/extra/caddy/build.sh	post_install	archive:.scripts/post_install.sh	sha256:982ce56f8653682ff8956df52c2b2f4a721b239f5ecb90d6bf740f62813e004a	archive:caddy/.scripts/post_install.sh	/usr/bin/bash -e	pkm/hooks.py	root	sysusers fragment; AppArmor profile; named state/config paths	account databases; named ownership; running-kernel AppArmor policy	systemd-sysusers; chown; apparmor_parser	none	body SHA-256 982ce56f8653682ff8956df52c2b2f4a721b239f5ecb90d6bf740f62813e004a bound to base recipe; package archive/index trust precedes extraction	CAP_CHOWN; root DAC; CAP_MAC_ADMIN	transitional Cx:archive-lifecycle/server-policy-sysusers; end state stable package-owned Px; never inherit pkm	server-policy-sysusers	pkm starts /usr/bin/bash -e; body children remain PATH-resolved unless explicitly absolute
archive:catppuccin-gtk-theme:post_install	A-NOOP-004	archive_noop	catppuccin-gtk-theme	packages/desktop/catppuccin-gtk-theme/build.sh	post_install	archive:.scripts/post_install.sh	sha256:e1b31f81d4527a55ec0897dd72d8e270e64348ef8aeae13ebc7c520d605ff484	archive:catppuccin-gtk-theme/.scripts/post_install.sh	/usr/bin/bash -e	pkm/hooks.py	root today	none	none	none	none	exact body SHA-256 sha256:e1b31f81d4527a55ec0897dd72d8e270e64348ef8aeae13ebc7c520d605ff484; conservative no-op classifier with mutation controls	none	remove declarations or make hook sealing skip semantically empty bodies; no child execution authority	no-op-aggregate	pkm starts /usr/bin/bash -e; body children remain PATH-resolved unless explicitly absolute
archive:celluloid:post_install	A099	archive_lifecycle	celluloid	packages/extra/celluloid/build.sh	post_install	archive:.scripts/post_install.sh	sha256:a471746062fa97b5df6a7515798a2f4148788a491507d28b038f936a4d654e26	archive:celluloid/.scripts/post_install.sh	/usr/bin/bash -e	pkm/hooks.py	root	schemas, icons and desktop entries	gschemas.compiled; icon-theme.cache; mimeinfo.cache	glib-compile-schemas; gtk-update-icon-cache; update-desktop-database	none	body SHA-256 a471746062fa97b5df6a7515798a2f4148788a491507d28b038f936a4d654e26 bound to base recipe; package archive/index trust precedes extraction	root application/icon/schema DAC	transitional Cx:archive-lifecycle/desktop-schema-icon; end state stable package-owned Px; never inherit pkm	desktop-schema-icon	pkm starts /usr/bin/bash -e; body children remain PATH-resolved unless explicitly absolute
archive:colord:post_install	A029	archive_lifecycle	colord	packages/desktop/colord/build.sh	post_install	archive:.scripts/post_install.sh	sha256:15e51ad16915a694ff076f97ba82f4054e5a4eafaa40d2e368c1450594a1884c	archive:colord/.scripts/post_install.sh	/usr/bin/bash -e	pkm/hooks.py	root	GLib schema XML/overrides	gschemas.compiled	glib-compile-schemas	none	body SHA-256 15e51ad16915a694ff076f97ba82f4054e5a4eafaa40d2e368c1450594a1884c bound to base recipe; package archive/index trust precedes extraction	root schema-directory DAC	transitional Cx:archive-lifecycle/glib-schemas; end state stable package-owned Px; never inherit pkm	glib-schemas	pkm starts /usr/bin/bash -e; body children remain PATH-resolved unless explicitly absolute
archive:cracklib:post_install	A005	archive_lifecycle	cracklib	packages/core/cracklib/build.sh	post_install	archive:.scripts/post_install.sh	sha256:6cab5abba7c3ff82ee23455c916c0abdf9894bce4f4dbb6fee42d03f0cb703bd	archive:cracklib/.scripts/post_install.sh	/usr/bin/bash -e	pkm/hooks.py	root	/usr/share/dict/words or hostname fallback	cracklib dictionary outputs; temporary word list	create-cracklib-dict; hostname; rm	none	body SHA-256 6cab5abba7c3ff82ee23455c916c0abdf9894bce4f4dbb6fee42d03f0cb703bd bound to base recipe; package archive/index trust precedes extraction	root library/state DAC	transitional Cx:archive-lifecycle/pkg-cracklib; end state stable package-owned Px; never inherit pkm	pkg-cracklib	pkm starts /usr/bin/bash -e; body children remain PATH-resolved unless explicitly absolute
archive:cybernetic-icon-theme:post_install	A030	archive_lifecycle	cybernetic-icon-theme	packages/desktop/cybernetic-icon-theme/build.sh	post_install	archive:.scripts/post_install.sh	sha256:324295ec94d45a61ab141c0a4257d9007799da942829df54e5bf2170bc59c184	archive:cybernetic-icon-theme/.scripts/post_install.sh	/usr/bin/bash -e	pkm/hooks.py	root	one icon theme	icon-theme.cache	gtk-update-icon-cache	none	body SHA-256 324295ec94d45a61ab141c0a4257d9007799da942829df54e5bf2170bc59c184 bound to base recipe; package archive/index trust precedes extraction	root theme-directory DAC	transitional Cx:archive-lifecycle/icon-cache; end state stable package-owned Px; never inherit pkm	icon-cache	pkm starts /usr/bin/bash -e; body children remain PATH-resolved unless explicitly absolute
archive:cyrus-sasl:post_install	A006	archive_lifecycle	cyrus-sasl	packages/core/cyrus-sasl/build.sh	post_install	archive:.scripts/post_install.sh	sha256:6c2f969d84c3450b14f0c6300a0248cfda02bf6740d48cf47210e6798106511f	archive:cyrus-sasl/.scripts/post_install.sh	/usr/bin/bash -e	pkm/hooks.py	root	named package paths	named state directories and modes	install	none	body SHA-256 6c2f969d84c3450b14f0c6300a0248cfda02bf6740d48cf47210e6798106511f bound to base recipe; package archive/index trust precedes extraction	root DAC and ownership setting	transitional Cx:archive-lifecycle/state-dir-install; end state stable package-owned Px; never inherit pkm	state-dir-install	pkm starts /usr/bin/bash -e; body children remain PATH-resolved unless explicitly absolute
archive:dart-sass:post_install	A-NOOP-005	archive_noop	dart-sass	packages/desktop/dart-sass/build.sh	post_install	archive:.scripts/post_install.sh	sha256:e1b31f81d4527a55ec0897dd72d8e270e64348ef8aeae13ebc7c520d605ff484	archive:dart-sass/.scripts/post_install.sh	/usr/bin/bash -e	pkm/hooks.py	root today	none	none	none	none	exact body SHA-256 sha256:e1b31f81d4527a55ec0897dd72d8e270e64348ef8aeae13ebc7c520d605ff484; conservative no-op classifier with mutation controls	none	remove declarations or make hook sealing skip semantically empty bodies; no child execution authority	no-op-aggregate	pkm starts /usr/bin/bash -e; body children remain PATH-resolved unless explicitly absolute
archive:dbus-pass2:post_install	A031	archive_lifecycle	dbus-pass2	packages/desktop/dbus-pass2/build.sh	post_install	archive:.scripts/post_install.sh	sha256:6d080d4e06e47a5454d1e018617380b3dca57f9cb5592256fb03a7a699f0bd2b	archive:dbus-pass2/.scripts/post_install.sh	/usr/bin/bash -e	pkm/hooks.py	root	sysusers fragment and named binary/state paths	account databases; ownership and privileged mode bits	systemd-sysusers; chown; chmod	none	body SHA-256 6d080d4e06e47a5454d1e018617380b3dca57f9cb5592256fb03a7a699f0bd2b bound to base recipe; package archive/index trust precedes extraction	CAP_CHOWN; CAP_FOWNER; CAP_FSETID; root DAC	transitional Cx:archive-lifecycle/sysusers-permissions; end state stable package-owned Px; never inherit pkm	sysusers-permissions	pkm starts /usr/bin/bash -e; body children remain PATH-resolved unless explicitly absolute
archive:dbus:post_install	A007	archive_lifecycle	dbus	packages/core/dbus/build.sh	post_install	archive:.scripts/post_install.sh	sha256:22a519a08734d8fb1467b0561275de7c034e82ebc2c8b0a392cfc03805d4894c	archive:dbus/.scripts/post_install.sh	/usr/bin/bash -e	pkm/hooks.py	root	sysusers fragment and named binary/state paths	account databases; ownership and privileged mode bits	systemd-sysusers; chown; chmod	none	body SHA-256 22a519a08734d8fb1467b0561275de7c034e82ebc2c8b0a392cfc03805d4894c bound to base recipe; package archive/index trust precedes extraction	CAP_CHOWN; CAP_FOWNER; CAP_FSETID; root DAC	transitional Cx:archive-lifecycle/sysusers-permissions; end state stable package-owned Px; never inherit pkm	sysusers-permissions	pkm starts /usr/bin/bash -e; body children remain PATH-resolved unless explicitly absolute
archive:dconf:post_install	A032	archive_lifecycle	dconf	packages/desktop/dconf/build.sh	post_install	archive:.scripts/post_install.sh	sha256:15e51ad16915a694ff076f97ba82f4054e5a4eafaa40d2e368c1450594a1884c	archive:dconf/.scripts/post_install.sh	/usr/bin/bash -e	pkm/hooks.py	root	GLib schema XML/overrides	gschemas.compiled	glib-compile-schemas	none	body SHA-256 15e51ad16915a694ff076f97ba82f4054e5a4eafaa40d2e368c1450594a1884c bound to base recipe; package archive/index trust precedes extraction	root schema-directory DAC	transitional Cx:archive-lifecycle/glib-schemas; end state stable package-owned Px; never inherit pkm	glib-schemas	pkm starts /usr/bin/bash -e; body children remain PATH-resolved unless explicitly absolute
archive:docbook-xml:post_install	A008	archive_lifecycle	docbook-xml	packages/core/docbook-xml/build.sh	post_install	archive:.scripts/post_install.sh	sha256:1af9cad52b7e9b7447c15db0d2ed4bc4d83fac59624bbb00778c6d21b3ec0547	archive:docbook-xml/.scripts/post_install.sh	/usr/bin/bash -e	pkm/hooks.py	root	DocBook catalog XML	/usr/share/xml/docbook/xml-dtd-4.5/catalog.xml; /etc/xml/catalog	xmlcatalog	none	body SHA-256 1af9cad52b7e9b7447c15db0d2ed4bc4d83fac59624bbb00778c6d21b3ec0547 bound to base recipe; package archive/index trust precedes extraction	root /etc and shared-data DAC	transitional Cx:archive-lifecycle/pkg-docbook-xml; end state stable package-owned Px; never inherit pkm	pkg-docbook-xml	pkm starts /usr/bin/bash -e; body children remain PATH-resolved unless explicitly absolute
archive:docbook-xsl-nons:post_install	A009	archive_lifecycle	docbook-xsl-nons	packages/core/docbook-xsl-nons/build.sh	post_install	archive:.scripts/post_install.sh	sha256:d8e75f9accb5036c5e01c2e610febdd3c3f162028beaf8b57881b4df83fc4f2d	archive:docbook-xsl-nons/.scripts/post_install.sh	/usr/bin/bash -e	pkm/hooks.py	root	XSL stylesheet tree and existing XML catalog	/etc/xml/catalog	xmlcatalog	none	body SHA-256 d8e75f9accb5036c5e01c2e610febdd3c3f162028beaf8b57881b4df83fc4f2d bound to base recipe; package archive/index trust precedes extraction	root /etc DAC	transitional Cx:archive-lifecycle/pkg-docbook-xsl-nons; end state stable package-owned Px; never inherit pkm	pkg-docbook-xsl-nons	pkm starts /usr/bin/bash -e; body children remain PATH-resolved unless explicitly absolute
archive:docker:post_install	A100	archive_lifecycle	docker	packages/extra/docker/build.sh	post_install	archive:.scripts/post_install.sh	sha256:ad8f22842448b03a17bfdeb0281b8a1c0b58b0e44afdcdef5ceec256bb9f6086	archive:docker/.scripts/post_install.sh	/usr/bin/bash -e	pkm/hooks.py	root	one sysusers fragment	account databases	systemd-sysusers	none	body SHA-256 ad8f22842448b03a17bfdeb0281b8a1c0b58b0e44afdcdef5ceec256bb9f6086 bound to base recipe; package archive/index trust precedes extraction	root account-database DAC	transitional Cx:archive-lifecycle/sysusers-only; end state stable package-owned Px; never inherit pkm	sysusers-only	pkm starts /usr/bin/bash -e; body children remain PATH-resolved unless explicitly absolute
archive:dracula-gtk-theme:post_install	A-NOOP-006	archive_noop	dracula-gtk-theme	packages/desktop/dracula-gtk-theme/build.sh	post_install	archive:.scripts/post_install.sh	sha256:e1b31f81d4527a55ec0897dd72d8e270e64348ef8aeae13ebc7c520d605ff484	archive:dracula-gtk-theme/.scripts/post_install.sh	/usr/bin/bash -e	pkm/hooks.py	root today	none	none	none	none	exact body SHA-256 sha256:e1b31f81d4527a55ec0897dd72d8e270e64348ef8aeae13ebc7c520d605ff484; conservative no-op classifier with mutation controls	none	remove declarations or make hook sealing skip semantically empty bodies; no child execution authority	no-op-aggregate	pkm starts /usr/bin/bash -e; body children remain PATH-resolved unless explicitly absolute
archive:etcd:post_install	A101	archive_lifecycle	etcd	packages/extra/etcd/build.sh	post_install	archive:.scripts/post_install.sh	sha256:e11e2aa8a19fdfda5d79463b75fc7b1bfdee7fe4124d0fcc90cc12019c80ca28	archive:etcd/.scripts/post_install.sh	/usr/bin/bash -e	pkm/hooks.py	root	sysusers fragment; AppArmor profile; named state/config paths	account databases; named ownership; running-kernel AppArmor policy	systemd-sysusers; chown; apparmor_parser	none	body SHA-256 e11e2aa8a19fdfda5d79463b75fc7b1bfdee7fe4124d0fcc90cc12019c80ca28 bound to base recipe; package archive/index trust precedes extraction	CAP_CHOWN; root DAC; CAP_MAC_ADMIN	transitional Cx:archive-lifecycle/server-policy-sysusers; end state stable package-owned Px; never inherit pkm	server-policy-sysusers	pkm starts /usr/bin/bash -e; body children remain PATH-resolved unless explicitly absolute
archive:exim:post_install	A003	archive_lifecycle	exim	packages/base/exim/build.sh	post_install	archive:.scripts/post_install.sh	sha256:6c3881cffc1e34bcdc385f8628d7be54be0f1ef2e3ca1dd9c3014f572ff4eb1f	archive:exim/.scripts/post_install.sh	/usr/bin/bash -e	pkm/hooks.py	root	/usr/lib/sysusers.d/exim.conf; exim binary and spool	account databases; /var/mail; exim spool ownership; setuid/setgid mode	systemd-sysusers; install; chown; chmod	none	body SHA-256 6c3881cffc1e34bcdc385f8628d7be54be0f1ef2e3ca1dd9c3014f572ff4eb1f bound to base recipe; package archive/index trust precedes extraction	CAP_CHOWN; CAP_FOWNER; CAP_FSETID; root DAC	transitional Cx:archive-lifecycle/pkg-exim; end state stable package-owned Px; never inherit pkm	pkg-exim	pkm starts /usr/bin/bash -e; body children remain PATH-resolved unless explicitly absolute
archive:fcron:post_install	A004	archive_lifecycle	fcron	packages/base/fcron/build.sh	post_install	archive:.scripts/post_install.sh	sha256:a0a235c36a4e63f4613f63ff55309def4093cb7f0c262b5001a1b1f87a72a391	archive:fcron/.scripts/post_install.sh	/usr/bin/bash -e	pkm/hooks.py	root	/usr/lib/sysusers.d/fcron.conf; binaries; auth/config files; spool	account databases; binary ownership/setid modes; auth/config ownership; spool	systemd-sysusers; chown; chmod	none	body SHA-256 a0a235c36a4e63f4613f63ff55309def4093cb7f0c262b5001a1b1f87a72a391 bound to base recipe; package archive/index trust precedes extraction	CAP_CHOWN; CAP_FOWNER; CAP_FSETID; root DAC	transitional Cx:archive-lifecycle/pkg-fcron; end state stable package-owned Px; never inherit pkm	pkg-fcron	pkm starts /usr/bin/bash -e; body children remain PATH-resolved unless explicitly absolute
archive:fluent-gtk-theme:post_install	A-NOOP-007	archive_noop	fluent-gtk-theme	packages/desktop/fluent-gtk-theme/build.sh	post_install	archive:.scripts/post_install.sh	sha256:e1b31f81d4527a55ec0897dd72d8e270e64348ef8aeae13ebc7c520d605ff484	archive:fluent-gtk-theme/.scripts/post_install.sh	/usr/bin/bash -e	pkm/hooks.py	root today	none	none	none	none	exact body SHA-256 sha256:e1b31f81d4527a55ec0897dd72d8e270e64348ef8aeae13ebc7c520d605ff484; conservative no-op classifier with mutation controls	none	remove declarations or make hook sealing skip semantically empty bodies; no child execution authority	no-op-aggregate	pkm starts /usr/bin/bash -e; body children remain PATH-resolved unless explicitly absolute
archive:fluent-icon-theme:post_install	A033	archive_lifecycle	fluent-icon-theme	packages/desktop/fluent-icon-theme/build.sh	post_install	archive:.scripts/post_install.sh	sha256:0a5f6ef32620bc1427fcf8d94a571daf9700c48f351388d82ee95b94a4ea0fb8	archive:fluent-icon-theme/.scripts/post_install.sh	/usr/bin/bash -e	pkm/hooks.py	root	multiple installed icon themes	each theme's icon-theme.cache	gtk-update-icon-cache	none	body SHA-256 0a5f6ef32620bc1427fcf8d94a571daf9700c48f351388d82ee95b94a4ea0fb8 bound to base recipe; package archive/index trust precedes extraction	root theme-directory DAC	transitional Cx:archive-lifecycle/icon-cache-multi; end state stable package-owned Px; never inherit pkm	icon-cache-multi	pkm starts /usr/bin/bash -e; body children remain PATH-resolved unless explicitly absolute
archive:font-dejavu:post_install	A034	archive_lifecycle	font-dejavu	packages/desktop/font-dejavu/build.sh	post_install	archive:.scripts/post_install.sh	sha256:464afeae63fa0f2ca24640c8714b60d6b377b8be650f5c3f568bdbfe6ad5232b	archive:font-dejavu/.scripts/post_install.sh	/usr/bin/bash -e	pkm/hooks.py	root	installed fonts and fontconfig configuration	fontconfig caches	fc-cache	none	body SHA-256 464afeae63fa0f2ca24640c8714b60d6b377b8be650f5c3f568bdbfe6ad5232b bound to base recipe; package archive/index trust precedes extraction	root font-cache DAC	transitional Cx:archive-lifecycle/font-cache; end state stable package-owned Px; never inherit pkm	font-cache	pkm starts /usr/bin/bash -e; body children remain PATH-resolved unless explicitly absolute
archive:font-inter:post_install	A035	archive_lifecycle	font-inter	packages/desktop/font-inter/build.sh	post_install	archive:.scripts/post_install.sh	sha256:f71dd7f660c67a333a290cfbfc8d9c672a1888f661f24ee225b14797f92bcbea	archive:font-inter/.scripts/post_install.sh	/usr/bin/bash -e	pkm/hooks.py	root	installed fonts and fontconfig configuration	fontconfig caches	fc-cache	none	body SHA-256 f71dd7f660c67a333a290cfbfc8d9c672a1888f661f24ee225b14797f92bcbea bound to base recipe; package archive/index trust precedes extraction	root font-cache DAC	transitional Cx:archive-lifecycle/font-cache; end state stable package-owned Px; never inherit pkm	font-cache	pkm starts /usr/bin/bash -e; body children remain PATH-resolved unless explicitly absolute
archive:font-jetbrains-mono:post_install	A036	archive_lifecycle	font-jetbrains-mono	packages/desktop/font-jetbrains-mono/build.sh	post_install	archive:.scripts/post_install.sh	sha256:28102d52fb0146d87cd7255b5ae486123b6bed05b9c58db4f4e29f365cb490eb	archive:font-jetbrains-mono/.scripts/post_install.sh	/usr/bin/bash -e	pkm/hooks.py	root	installed fonts and fontconfig configuration	fontconfig caches	fc-cache	none	body SHA-256 28102d52fb0146d87cd7255b5ae486123b6bed05b9c58db4f4e29f365cb490eb bound to base recipe; package archive/index trust precedes extraction	root font-cache DAC	transitional Cx:archive-lifecycle/font-cache; end state stable package-owned Px; never inherit pkm	font-cache	pkm starts /usr/bin/bash -e; body children remain PATH-resolved unless explicitly absolute
archive:font-noto-color-emoji:post_install	A037	archive_lifecycle	font-noto-color-emoji	packages/desktop/font-noto-color-emoji/build.sh	post_install	archive:.scripts/post_install.sh	sha256:464afeae63fa0f2ca24640c8714b60d6b377b8be650f5c3f568bdbfe6ad5232b	archive:font-noto-color-emoji/.scripts/post_install.sh	/usr/bin/bash -e	pkm/hooks.py	root	installed fonts and fontconfig configuration	fontconfig caches	fc-cache	none	body SHA-256 464afeae63fa0f2ca24640c8714b60d6b377b8be650f5c3f568bdbfe6ad5232b bound to base recipe; package archive/index trust precedes extraction	root font-cache DAC	transitional Cx:archive-lifecycle/font-cache; end state stable package-owned Px; never inherit pkm	font-cache	pkm starts /usr/bin/bash -e; body children remain PATH-resolved unless explicitly absolute
archive:font-noto:post_install	A038	archive_lifecycle	font-noto	packages/desktop/font-noto/build.sh	post_install	archive:.scripts/post_install.sh	sha256:464afeae63fa0f2ca24640c8714b60d6b377b8be650f5c3f568bdbfe6ad5232b	archive:font-noto/.scripts/post_install.sh	/usr/bin/bash -e	pkm/hooks.py	root	installed fonts and fontconfig configuration	fontconfig caches	fc-cache	none	body SHA-256 464afeae63fa0f2ca24640c8714b60d6b377b8be650f5c3f568bdbfe6ad5232b bound to base recipe; package archive/index trust precedes extraction	root font-cache DAC	transitional Cx:archive-lifecycle/font-cache; end state stable package-owned Px; never inherit pkm	font-cache	pkm starts /usr/bin/bash -e; body children remain PATH-resolved unless explicitly absolute
archive:gcc-core:post_install	A010	archive_lifecycle	gcc-core	packages/core/gcc-core/build.sh	post_install	archive:.scripts/post_install.sh	sha256:6f19a2135856db858a91aa3d6134ede8c6e44e58c1ced2d14968101fcee7c481	archive:gcc-core/.scripts/post_install.sh	/usr/bin/bash -e	pkm/hooks.py	root	compiler, linker, libc and start files	/tmp/dummy.{c,log} and /tmp/a.out then deletes them	cc; readelf; grep; sed; rm	none	body SHA-256 6f19a2135856db858a91aa3d6134ede8c6e44e58c1ced2d14968101fcee7c481 bound to base recipe; package archive/index trust precedes extraction	temporary-file DAC; compiler execution	transitional Cx:archive-lifecycle/pkg-gcc-core; end state stable package-owned Px; never inherit pkm	pkg-gcc-core	pkm starts /usr/bin/bash -e; body children remain PATH-resolved unless explicitly absolute
archive:gdk-pixbuf-pass2:post_install	A039	archive_lifecycle	gdk-pixbuf-pass2	packages/desktop/gdk-pixbuf-pass2/build.sh	post_install	archive:.scripts/post_install.sh	sha256:c0513d34aae814d37410f85f62f3e7555ef075b82c4b39cfd4596bf4d90ce59f	archive:gdk-pixbuf-pass2/.scripts/post_install.sh	/usr/bin/bash -e	pkm/hooks.py	root	GDK Pixbuf loaders	loaders.cache	gdk-pixbuf-query-loaders	none	body SHA-256 c0513d34aae814d37410f85f62f3e7555ef075b82c4b39cfd4596bf4d90ce59f bound to base recipe; package archive/index trust precedes extraction	root loader-cache DAC	transitional Cx:archive-lifecycle/gdk-pixbuf-cache; end state stable package-owned Px; never inherit pkm	gdk-pixbuf-cache	pkm starts /usr/bin/bash -e; body children remain PATH-resolved unless explicitly absolute
archive:gdk-pixbuf:post_install	A040	archive_lifecycle	gdk-pixbuf	packages/desktop/gdk-pixbuf/build.sh	post_install	archive:.scripts/post_install.sh	sha256:c0513d34aae814d37410f85f62f3e7555ef075b82c4b39cfd4596bf4d90ce59f	archive:gdk-pixbuf/.scripts/post_install.sh	/usr/bin/bash -e	pkm/hooks.py	root	GDK Pixbuf loaders	loaders.cache	gdk-pixbuf-query-loaders	none	body SHA-256 c0513d34aae814d37410f85f62f3e7555ef075b82c4b39cfd4596bf4d90ce59f bound to base recipe; package archive/index trust precedes extraction	root loader-cache DAC	transitional Cx:archive-lifecycle/gdk-pixbuf-cache; end state stable package-owned Px; never inherit pkm	gdk-pixbuf-cache	pkm starts /usr/bin/bash -e; body children remain PATH-resolved unless explicitly absolute
archive:gdm:post_install	A041	archive_lifecycle	gdm	packages/desktop/gdm/build.sh	post_install	archive:.scripts/post_install.sh	sha256:7f8a6c9389f7f48be9bdb310243e99b1e0206f0c00697399e96e3b6ae8271534	archive:gdm/.scripts/post_install.sh	/usr/bin/bash -e	pkm/hooks.py	root	GDM sysusers fragment; GLib schemas; desktop entries	account databases; /var/lib/gdm; gschemas.compiled; mimeinfo.cache	systemd-sysusers; install; glib-compile-schemas; update-desktop-database	none	body SHA-256 7f8a6c9389f7f48be9bdb310243e99b1e0206f0c00697399e96e3b6ae8271534 bound to base recipe; package archive/index trust precedes extraction	root account/state/cache DAC	transitional Cx:archive-lifecycle/pkg-gdm; end state stable package-owned Px; never inherit pkm	pkg-gdm	pkm starts /usr/bin/bash -e; body children remain PATH-resolved unless explicitly absolute
archive:geoclue2:post_install	A042	archive_lifecycle	geoclue2	packages/desktop/geoclue2/build.sh	post_install	archive:.scripts/post_install.sh	sha256:15e51ad16915a694ff076f97ba82f4054e5a4eafaa40d2e368c1450594a1884c	archive:geoclue2/.scripts/post_install.sh	/usr/bin/bash -e	pkm/hooks.py	root	GLib schema XML/overrides	gschemas.compiled	glib-compile-schemas	none	body SHA-256 15e51ad16915a694ff076f97ba82f4054e5a4eafaa40d2e368c1450594a1884c bound to base recipe; package archive/index trust precedes extraction	root schema-directory DAC	transitional Cx:archive-lifecycle/glib-schemas; end state stable package-owned Px; never inherit pkm	glib-schemas	pkm starts /usr/bin/bash -e; body children remain PATH-resolved unless explicitly absolute
archive:gimp:post_install	A102	archive_lifecycle	gimp	packages/extra/gimp/build.sh	post_install	archive:.scripts/post_install.sh	sha256:7f72bdd18f722c983e5e69a1883c1cc59a9afe43582bf5e17fb17b77c01366f5	archive:gimp/.scripts/post_install.sh	/usr/bin/bash -e	pkm/hooks.py	root	desktop entries and icons	mimeinfo.cache and icon-theme.cache	update-desktop-database; gtk-update-icon-cache	none	body SHA-256 7f72bdd18f722c983e5e69a1883c1cc59a9afe43582bf5e17fb17b77c01366f5 bound to base recipe; package archive/index trust precedes extraction	root application/icon-directory DAC	transitional Cx:archive-lifecycle/desktop-icon-cache; end state stable package-owned Px; never inherit pkm	desktop-icon-cache	pkm starts /usr/bin/bash -e; body children remain PATH-resolved unless explicitly absolute
archive:glib-networking:post_install	A043	archive_lifecycle	glib-networking	packages/desktop/glib-networking/build.sh	post_install	archive:.scripts/post_install.sh	sha256:b12f22d4951ba06e9a6f9c772b5bc3ac069af659c2a8d7d2afd528b34b019531	archive:glib-networking/.scripts/post_install.sh	/usr/bin/bash -e	pkm/hooks.py	root	GIO modules	giomodule.cache	gio-querymodules	none	body SHA-256 b12f22d4951ba06e9a6f9c772b5bc3ac069af659c2a8d7d2afd528b34b019531 bound to base recipe; package archive/index trust precedes extraction	root module-cache DAC	transitional Cx:archive-lifecycle/gio-module-cache; end state stable package-owned Px; never inherit pkm	gio-module-cache	pkm starts /usr/bin/bash -e; body children remain PATH-resolved unless explicitly absolute
archive:glibc-core:post_install	A011	archive_lifecycle	glibc-core	packages/core/glibc-core/build.sh	post_install	archive:.scripts/post_install.sh	sha256:a2113e11a9179f942a9164e85f1dc87d2afee39ab5904c32dde702d06810c6a0	archive:glibc-core/.scripts/post_install.sh	/usr/bin/bash -e	pkm/hooks.py	root	locale sources; optional build-only tzdata source; libraries/config	locale archive; build-context zoneinfo; /etc/ld.so.cache; temporary tzdata extraction	localedef; tar; zic; cp; mkdir; ldconfig	none	body SHA-256 a2113e11a9179f942a9164e85f1dc87d2afee39ab5904c32dde702d06810c6a0 bound to base recipe; package archive/index trust precedes extraction	root locale/shared-data/loader-cache DAC	transitional Cx:archive-lifecycle/pkg-glibc-core; end state stable package-owned Px; never inherit pkm	pkg-glibc-core	pkm starts /usr/bin/bash -e; body children remain PATH-resolved unless explicitly absolute
archive:gnome-autoar:post_install	A044	archive_lifecycle	gnome-autoar	packages/desktop/gnome-autoar/build.sh	post_install	archive:.scripts/post_install.sh	sha256:15e51ad16915a694ff076f97ba82f4054e5a4eafaa40d2e368c1450594a1884c	archive:gnome-autoar/.scripts/post_install.sh	/usr/bin/bash -e	pkm/hooks.py	root	GLib schema XML/overrides	gschemas.compiled	glib-compile-schemas	none	body SHA-256 15e51ad16915a694ff076f97ba82f4054e5a4eafaa40d2e368c1450594a1884c bound to base recipe; package archive/index trust precedes extraction	root schema-directory DAC	transitional Cx:archive-lifecycle/glib-schemas; end state stable package-owned Px; never inherit pkm	glib-schemas	pkm starts /usr/bin/bash -e; body children remain PATH-resolved unless explicitly absolute
archive:gnome-backgrounds:post_install	A045	archive_lifecycle	gnome-backgrounds	packages/desktop/gnome-backgrounds/build.sh	post_install	archive:.scripts/post_install.sh	sha256:15e51ad16915a694ff076f97ba82f4054e5a4eafaa40d2e368c1450594a1884c	archive:gnome-backgrounds/.scripts/post_install.sh	/usr/bin/bash -e	pkm/hooks.py	root	GLib schema XML/overrides	gschemas.compiled	glib-compile-schemas	none	body SHA-256 15e51ad16915a694ff076f97ba82f4054e5a4eafaa40d2e368c1450594a1884c bound to base recipe; package archive/index trust precedes extraction	root schema-directory DAC	transitional Cx:archive-lifecycle/glib-schemas; end state stable package-owned Px; never inherit pkm	glib-schemas	pkm starts /usr/bin/bash -e; body children remain PATH-resolved unless explicitly absolute
archive:gnome-bluetooth:post_install	A046	archive_lifecycle	gnome-bluetooth	packages/desktop/gnome-bluetooth/build.sh	post_install	archive:.scripts/post_install.sh	sha256:15e51ad16915a694ff076f97ba82f4054e5a4eafaa40d2e368c1450594a1884c	archive:gnome-bluetooth/.scripts/post_install.sh	/usr/bin/bash -e	pkm/hooks.py	root	GLib schema XML/overrides	gschemas.compiled	glib-compile-schemas	none	body SHA-256 15e51ad16915a694ff076f97ba82f4054e5a4eafaa40d2e368c1450594a1884c bound to base recipe; package archive/index trust precedes extraction	root schema-directory DAC	transitional Cx:archive-lifecycle/glib-schemas; end state stable package-owned Px; never inherit pkm	glib-schemas	pkm starts /usr/bin/bash -e; body children remain PATH-resolved unless explicitly absolute
archive:gnome-control-center:post_install	A047	archive_lifecycle	gnome-control-center	packages/desktop/gnome-control-center/build.sh	post_install	archive:.scripts/post_install.sh	sha256:f582099b4453c3193795f79a5818d9cd051ad134bbac5919ab4422b24f96d2a6	archive:gnome-control-center/.scripts/post_install.sh	/usr/bin/bash -e	pkm/hooks.py	root	GLib schemas and desktop entries	gschemas.compiled and mimeinfo.cache	glib-compile-schemas; update-desktop-database	none	body SHA-256 f582099b4453c3193795f79a5818d9cd051ad134bbac5919ab4422b24f96d2a6 bound to base recipe; package archive/index trust precedes extraction	root schema/application DAC	transitional Cx:archive-lifecycle/schema-desktop-cache; end state stable package-owned Px; never inherit pkm	schema-desktop-cache	pkm starts /usr/bin/bash -e; body children remain PATH-resolved unless explicitly absolute
archive:gnome-desktop:post_install	A048	archive_lifecycle	gnome-desktop	packages/desktop/gnome-desktop/build.sh	post_install	archive:.scripts/post_install.sh	sha256:15e51ad16915a694ff076f97ba82f4054e5a4eafaa40d2e368c1450594a1884c	archive:gnome-desktop/.scripts/post_install.sh	/usr/bin/bash -e	pkm/hooks.py	root	GLib schema XML/overrides	gschemas.compiled	glib-compile-schemas	none	body SHA-256 15e51ad16915a694ff076f97ba82f4054e5a4eafaa40d2e368c1450594a1884c bound to base recipe; package archive/index trust precedes extraction	root schema-directory DAC	transitional Cx:archive-lifecycle/glib-schemas; end state stable package-owned Px; never inherit pkm	glib-schemas	pkm starts /usr/bin/bash -e; body children remain PATH-resolved unless explicitly absolute
archive:gnome-keyring:post_install	A049	archive_lifecycle	gnome-keyring	packages/desktop/gnome-keyring/build.sh	post_install	archive:.scripts/post_install.sh	sha256:15e51ad16915a694ff076f97ba82f4054e5a4eafaa40d2e368c1450594a1884c	archive:gnome-keyring/.scripts/post_install.sh	/usr/bin/bash -e	pkm/hooks.py	root	GLib schema XML/overrides	gschemas.compiled	glib-compile-schemas	none	body SHA-256 15e51ad16915a694ff076f97ba82f4054e5a4eafaa40d2e368c1450594a1884c bound to base recipe; package archive/index trust precedes extraction	root schema-directory DAC	transitional Cx:archive-lifecycle/glib-schemas; end state stable package-owned Px; never inherit pkm	glib-schemas	pkm starts /usr/bin/bash -e; body children remain PATH-resolved unless explicitly absolute
archive:gnome-menus:post_install	A050	archive_lifecycle	gnome-menus	packages/desktop/gnome-menus/build.sh	post_install	archive:.scripts/post_install.sh	sha256:15e51ad16915a694ff076f97ba82f4054e5a4eafaa40d2e368c1450594a1884c	archive:gnome-menus/.scripts/post_install.sh	/usr/bin/bash -e	pkm/hooks.py	root	GLib schema XML/overrides	gschemas.compiled	glib-compile-schemas	none	body SHA-256 15e51ad16915a694ff076f97ba82f4054e5a4eafaa40d2e368c1450594a1884c bound to base recipe; package archive/index trust precedes extraction	root schema-directory DAC	transitional Cx:archive-lifecycle/glib-schemas; end state stable package-owned Px; never inherit pkm	glib-schemas	pkm starts /usr/bin/bash -e; body children remain PATH-resolved unless explicitly absolute
archive:gnome-online-accounts:post_install	A051	archive_lifecycle	gnome-online-accounts	packages/desktop/gnome-online-accounts/build.sh	post_install	archive:.scripts/post_install.sh	sha256:15e51ad16915a694ff076f97ba82f4054e5a4eafaa40d2e368c1450594a1884c	archive:gnome-online-accounts/.scripts/post_install.sh	/usr/bin/bash -e	pkm/hooks.py	root	GLib schema XML/overrides	gschemas.compiled	glib-compile-schemas	none	body SHA-256 15e51ad16915a694ff076f97ba82f4054e5a4eafaa40d2e368c1450594a1884c bound to base recipe; package archive/index trust precedes extraction	root schema-directory DAC	transitional Cx:archive-lifecycle/glib-schemas; end state stable package-owned Px; never inherit pkm	glib-schemas	pkm starts /usr/bin/bash -e; body children remain PATH-resolved unless explicitly absolute
archive:gnome-session:post_install	A052	archive_lifecycle	gnome-session	packages/desktop/gnome-session/build.sh	post_install	archive:.scripts/post_install.sh	sha256:f582099b4453c3193795f79a5818d9cd051ad134bbac5919ab4422b24f96d2a6	archive:gnome-session/.scripts/post_install.sh	/usr/bin/bash -e	pkm/hooks.py	root	GLib schemas and desktop entries	gschemas.compiled and mimeinfo.cache	glib-compile-schemas; update-desktop-database	none	body SHA-256 f582099b4453c3193795f79a5818d9cd051ad134bbac5919ab4422b24f96d2a6 bound to base recipe; package archive/index trust precedes extraction	root schema/application DAC	transitional Cx:archive-lifecycle/schema-desktop-cache; end state stable package-owned Px; never inherit pkm	schema-desktop-cache	pkm starts /usr/bin/bash -e; body children remain PATH-resolved unless explicitly absolute
archive:gnome-settings-daemon:post_install	A053	archive_lifecycle	gnome-settings-daemon	packages/desktop/gnome-settings-daemon/build.sh	post_install	archive:.scripts/post_install.sh	sha256:f582099b4453c3193795f79a5818d9cd051ad134bbac5919ab4422b24f96d2a6	archive:gnome-settings-daemon/.scripts/post_install.sh	/usr/bin/bash -e	pkm/hooks.py	root	GLib schemas and desktop entries	gschemas.compiled and mimeinfo.cache	glib-compile-schemas; update-desktop-database	none	body SHA-256 f582099b4453c3193795f79a5818d9cd051ad134bbac5919ab4422b24f96d2a6 bound to base recipe; package archive/index trust precedes extraction	root schema/application DAC	transitional Cx:archive-lifecycle/schema-desktop-cache; end state stable package-owned Px; never inherit pkm	schema-desktop-cache	pkm starts /usr/bin/bash -e; body children remain PATH-resolved unless explicitly absolute
archive:gnome-shell-extensions:post_install	A054	archive_lifecycle	gnome-shell-extensions	packages/desktop/gnome-shell-extensions/build.sh	post_install	archive:.scripts/post_install.sh	sha256:15e51ad16915a694ff076f97ba82f4054e5a4eafaa40d2e368c1450594a1884c	archive:gnome-shell-extensions/.scripts/post_install.sh	/usr/bin/bash -e	pkm/hooks.py	root	GLib schema XML/overrides	gschemas.compiled	glib-compile-schemas	none	body SHA-256 15e51ad16915a694ff076f97ba82f4054e5a4eafaa40d2e368c1450594a1884c bound to base recipe; package archive/index trust precedes extraction	root schema-directory DAC	transitional Cx:archive-lifecycle/glib-schemas; end state stable package-owned Px; never inherit pkm	glib-schemas	pkm starts /usr/bin/bash -e; body children remain PATH-resolved unless explicitly absolute
archive:gnome-shell:post_install	A055	archive_lifecycle	gnome-shell	packages/desktop/gnome-shell/build.sh	post_install	archive:.scripts/post_install.sh	sha256:f582099b4453c3193795f79a5818d9cd051ad134bbac5919ab4422b24f96d2a6	archive:gnome-shell/.scripts/post_install.sh	/usr/bin/bash -e	pkm/hooks.py	root	GLib schemas and desktop entries	gschemas.compiled and mimeinfo.cache	glib-compile-schemas; update-desktop-database	none	body SHA-256 f582099b4453c3193795f79a5818d9cd051ad134bbac5919ab4422b24f96d2a6 bound to base recipe; package archive/index trust precedes extraction	root schema/application DAC	transitional Cx:archive-lifecycle/schema-desktop-cache; end state stable package-owned Px; never inherit pkm	schema-desktop-cache	pkm starts /usr/bin/bash -e; body children remain PATH-resolved unless explicitly absolute
archive:gnome-terminal:post_install	A056	archive_lifecycle	gnome-terminal	packages/desktop/gnome-terminal/build.sh	post_install	archive:.scripts/post_install.sh	sha256:15e51ad16915a694ff076f97ba82f4054e5a4eafaa40d2e368c1450594a1884c	archive:gnome-terminal/.scripts/post_install.sh	/usr/bin/bash -e	pkm/hooks.py	root	GLib schema XML/overrides	gschemas.compiled	glib-compile-schemas	none	body SHA-256 15e51ad16915a694ff076f97ba82f4054e5a4eafaa40d2e368c1450594a1884c bound to base recipe; package archive/index trust precedes extraction	root schema-directory DAC	transitional Cx:archive-lifecycle/glib-schemas; end state stable package-owned Px; never inherit pkm	glib-schemas	pkm starts /usr/bin/bash -e; body children remain PATH-resolved unless explicitly absolute
archive:gnome-tweaks:post_install	A057	archive_lifecycle	gnome-tweaks	packages/desktop/gnome-tweaks/build.sh	post_install	archive:.scripts/post_install.sh	sha256:15e51ad16915a694ff076f97ba82f4054e5a4eafaa40d2e368c1450594a1884c	archive:gnome-tweaks/.scripts/post_install.sh	/usr/bin/bash -e	pkm/hooks.py	root	GLib schema XML/overrides	gschemas.compiled	glib-compile-schemas	none	body SHA-256 15e51ad16915a694ff076f97ba82f4054e5a4eafaa40d2e368c1450594a1884c bound to base recipe; package archive/index trust precedes extraction	root schema-directory DAC	transitional Cx:archive-lifecycle/glib-schemas; end state stable package-owned Px; never inherit pkm	glib-schemas	pkm starts /usr/bin/bash -e; body children remain PATH-resolved unless explicitly absolute
archive:graphite-gtk-theme:post_install	A-NOOP-008	archive_noop	graphite-gtk-theme	packages/desktop/graphite-gtk-theme/build.sh	post_install	archive:.scripts/post_install.sh	sha256:e1b31f81d4527a55ec0897dd72d8e270e64348ef8aeae13ebc7c520d605ff484	archive:graphite-gtk-theme/.scripts/post_install.sh	/usr/bin/bash -e	pkm/hooks.py	root today	none	none	none	none	exact body SHA-256 sha256:e1b31f81d4527a55ec0897dd72d8e270e64348ef8aeae13ebc7c520d605ff484; conservative no-op classifier with mutation controls	none	remove declarations or make hook sealing skip semantically empty bodies; no child execution authority	no-op-aggregate	pkm starts /usr/bin/bash -e; body children remain PATH-resolved unless explicitly absolute
archive:gsettings-desktop-schemas:post_install	A058	archive_lifecycle	gsettings-desktop-schemas	packages/desktop/gsettings-desktop-schemas/build.sh	post_install	archive:.scripts/post_install.sh	sha256:15e51ad16915a694ff076f97ba82f4054e5a4eafaa40d2e368c1450594a1884c	archive:gsettings-desktop-schemas/.scripts/post_install.sh	/usr/bin/bash -e	pkm/hooks.py	root	GLib schema XML/overrides	gschemas.compiled	glib-compile-schemas	none	body SHA-256 15e51ad16915a694ff076f97ba82f4054e5a4eafaa40d2e368c1450594a1884c bound to base recipe; package archive/index trust precedes extraction	root schema-directory DAC	transitional Cx:archive-lifecycle/glib-schemas; end state stable package-owned Px; never inherit pkm	glib-schemas	pkm starts /usr/bin/bash -e; body children remain PATH-resolved unless explicitly absolute
archive:gtk3:post_install	A059	archive_lifecycle	gtk3	packages/desktop/gtk3/build.sh	post_install	archive:.scripts/post_install.sh	sha256:26d6d2f9985d8a3308af04b9a0ab6e4fb29ab65f30993d8bb5124af5591547b3	archive:gtk3/.scripts/post_install.sh	/usr/bin/bash -e	pkm/hooks.py	root	GTK input modules and GLib schema sources	GTK immodules cache and gschemas.compiled	gtk-query-immodules-3.0; glib-compile-schemas	none	body SHA-256 26d6d2f9985d8a3308af04b9a0ab6e4fb29ab65f30993d8bb5124af5591547b3 bound to base recipe; package archive/index trust precedes extraction	root cache/schema DAC	transitional Cx:archive-lifecycle/gtk3-module-schema; end state stable package-owned Px; never inherit pkm	gtk3-module-schema	pkm starts /usr/bin/bash -e; body children remain PATH-resolved unless explicitly absolute
archive:gtk4:post_install	A060	archive_lifecycle	gtk4	packages/desktop/gtk4/build.sh	post_install	archive:.scripts/post_install.sh	sha256:15e51ad16915a694ff076f97ba82f4054e5a4eafaa40d2e368c1450594a1884c	archive:gtk4/.scripts/post_install.sh	/usr/bin/bash -e	pkm/hooks.py	root	GLib schema XML/overrides	gschemas.compiled	glib-compile-schemas	none	body SHA-256 15e51ad16915a694ff076f97ba82f4054e5a4eafaa40d2e368c1450594a1884c bound to base recipe; package archive/index trust precedes extraction	root schema-directory DAC	transitional Cx:archive-lifecycle/glib-schemas; end state stable package-owned Px; never inherit pkm	glib-schemas	pkm starts /usr/bin/bash -e; body children remain PATH-resolved unless explicitly absolute
archive:gtksourceview5:post_install	A061	archive_lifecycle	gtksourceview5	packages/desktop/gtksourceview5/build.sh	post_install	archive:.scripts/post_install.sh	sha256:15e51ad16915a694ff076f97ba82f4054e5a4eafaa40d2e368c1450594a1884c	archive:gtksourceview5/.scripts/post_install.sh	/usr/bin/bash -e	pkm/hooks.py	root	GLib schema XML/overrides	gschemas.compiled	glib-compile-schemas	none	body SHA-256 15e51ad16915a694ff076f97ba82f4054e5a4eafaa40d2e368c1450594a1884c bound to base recipe; package archive/index trust precedes extraction	root schema-directory DAC	transitional Cx:archive-lifecycle/glib-schemas; end state stable package-owned Px; never inherit pkm	glib-schemas	pkm starts /usr/bin/bash -e; body children remain PATH-resolved unless explicitly absolute
archive:gvfs-pass2:post_install	A062	archive_lifecycle	gvfs-pass2	packages/desktop/gvfs-pass2/build.sh	post_install	archive:.scripts/post_install.sh	sha256:6897da05280551ee8aca617e184c3f05d037e36bbf4086a52412d5d57ffc9a40	archive:gvfs-pass2/.scripts/post_install.sh	/usr/bin/bash -e	pkm/hooks.py	root	GIO modules and GLib schemas	giomodule.cache and gschemas.compiled	gio-querymodules; glib-compile-schemas	none	body SHA-256 6897da05280551ee8aca617e184c3f05d037e36bbf4086a52412d5d57ffc9a40 bound to base recipe; package archive/index trust precedes extraction	root module/schema-cache DAC	transitional Cx:archive-lifecycle/gio-schema-cache; end state stable package-owned Px; never inherit pkm	gio-schema-cache	pkm starts /usr/bin/bash -e; body children remain PATH-resolved unless explicitly absolute
archive:gvfs:post_install	A063	archive_lifecycle	gvfs	packages/desktop/gvfs/build.sh	post_install	archive:.scripts/post_install.sh	sha256:6897da05280551ee8aca617e184c3f05d037e36bbf4086a52412d5d57ffc9a40	archive:gvfs/.scripts/post_install.sh	/usr/bin/bash -e	pkm/hooks.py	root	GIO modules and GLib schemas	giomodule.cache and gschemas.compiled	gio-querymodules; glib-compile-schemas	none	body SHA-256 6897da05280551ee8aca617e184c3f05d037e36bbf4086a52412d5d57ffc9a40 bound to base recipe; package archive/index trust precedes extraction	root module/schema-cache DAC	transitional Cx:archive-lifecycle/gio-schema-cache; end state stable package-owned Px; never inherit pkm	gio-schema-cache	pkm starts /usr/bin/bash -e; body children remain PATH-resolved unless explicitly absolute
archive:handbrake:post_install	A103	archive_lifecycle	handbrake	packages/extra/handbrake/build.sh	post_install	archive:.scripts/post_install.sh	sha256:a471746062fa97b5df6a7515798a2f4148788a491507d28b038f936a4d654e26	archive:handbrake/.scripts/post_install.sh	/usr/bin/bash -e	pkm/hooks.py	root	schemas, icons and desktop entries	gschemas.compiled; icon-theme.cache; mimeinfo.cache	glib-compile-schemas; gtk-update-icon-cache; update-desktop-database	none	body SHA-256 a471746062fa97b5df6a7515798a2f4148788a491507d28b038f936a4d654e26 bound to base recipe; package archive/index trust precedes extraction	root application/icon/schema DAC	transitional Cx:archive-lifecycle/desktop-schema-icon; end state stable package-owned Px; never inherit pkm	desktop-schema-icon	pkm starts /usr/bin/bash -e; body children remain PATH-resolved unless explicitly absolute
archive:haproxy:post_install	A104	archive_lifecycle	haproxy	packages/extra/haproxy/build.sh	post_install	archive:.scripts/post_install.sh	sha256:50e43ceb30292b2c7cb231c6e7a1c915e263920e55430b695aee2a628b015f55	archive:haproxy/.scripts/post_install.sh	/usr/bin/bash -e	pkm/hooks.py	root	AppArmor profile and named service paths	named service state directories; running-kernel AppArmor policy	install; apparmor_parser	none	body SHA-256 50e43ceb30292b2c7cb231c6e7a1c915e263920e55430b695aee2a628b015f55 bound to base recipe; package archive/index trust precedes extraction	root DAC; ownership setting; CAP_MAC_ADMIN	transitional Cx:archive-lifecycle/server-policy-dirs; end state stable package-owned Px; never inherit pkm	server-policy-dirs	pkm starts /usr/bin/bash -e; body children remain PATH-resolved unless explicitly absolute
archive:hicolor-icon-theme:post_install	A064	archive_lifecycle	hicolor-icon-theme	packages/desktop/hicolor-icon-theme/build.sh	post_install	archive:.scripts/post_install.sh	sha256:78bc8a739956baa83f70e8be95c3aa664d140274e6de9a85fb5bf1dc881f8428	archive:hicolor-icon-theme/.scripts/post_install.sh	/usr/bin/bash -e	pkm/hooks.py	root	one icon theme	icon-theme.cache	gtk-update-icon-cache	none	body SHA-256 78bc8a739956baa83f70e8be95c3aa664d140274e6de9a85fb5bf1dc881f8428 bound to base recipe; package archive/index trust precedes extraction	root theme-directory DAC	transitional Cx:archive-lifecycle/icon-cache; end state stable package-owned Px; never inherit pkm	icon-cache	pkm starts /usr/bin/bash -e; body children remain PATH-resolved unless explicitly absolute
archive:ibus:post_install	A065	archive_lifecycle	ibus	packages/desktop/ibus/build.sh	post_install	archive:.scripts/post_install.sh	sha256:15e51ad16915a694ff076f97ba82f4054e5a4eafaa40d2e368c1450594a1884c	archive:ibus/.scripts/post_install.sh	/usr/bin/bash -e	pkm/hooks.py	root	GLib schema XML/overrides	gschemas.compiled	glib-compile-schemas	none	body SHA-256 15e51ad16915a694ff076f97ba82f4054e5a4eafaa40d2e368c1450594a1884c bound to base recipe; package archive/index trust precedes extraction	root schema-directory DAC	transitional Cx:archive-lifecycle/glib-schemas; end state stable package-owned Px; never inherit pkm	glib-schemas	pkm starts /usr/bin/bash -e; body children remain PATH-resolved unless explicitly absolute
archive:influxdb:post_install	A105	archive_lifecycle	influxdb	packages/extra/influxdb/build.sh	post_install	archive:.scripts/post_install.sh	sha256:ad72ead61198d26e7cf1af9448fdf9164da1885a03d63a18f8fd63593f8221a1	archive:influxdb/.scripts/post_install.sh	/usr/bin/bash -e	pkm/hooks.py	root	InfluxDB sysusers fragment, profile, config/state dirs	account databases; state ownership; running-kernel AppArmor policy	systemd-sysusers; chown; apparmor_parser	none	body SHA-256 ad72ead61198d26e7cf1af9448fdf9164da1885a03d63a18f8fd63593f8221a1 bound to base recipe; package archive/index trust precedes extraction	CAP_CHOWN; CAP_MAC_ADMIN; root DAC	transitional Cx:archive-lifecycle/pkg-influxdb; end state stable package-owned Px; never inherit pkm	pkg-influxdb	pkm starts /usr/bin/bash -e; body children remain PATH-resolved unless explicitly absolute
archive:inkscape:post_install	A106	archive_lifecycle	inkscape	packages/extra/inkscape/build.sh	post_install	archive:.scripts/post_install.sh	sha256:7f72bdd18f722c983e5e69a1883c1cc59a9afe43582bf5e17fb17b77c01366f5	archive:inkscape/.scripts/post_install.sh	/usr/bin/bash -e	pkm/hooks.py	root	desktop entries and icons	mimeinfo.cache and icon-theme.cache	update-desktop-database; gtk-update-icon-cache	none	body SHA-256 7f72bdd18f722c983e5e69a1883c1cc59a9afe43582bf5e17fb17b77c01366f5 bound to base recipe; package archive/index trust precedes extraction	root application/icon-directory DAC	transitional Cx:archive-lifecycle/desktop-icon-cache; end state stable package-owned Px; never inherit pkm	desktop-icon-cache	pkm starts /usr/bin/bash -e; body children remain PATH-resolved unless explicitly absolute
archive:intel-ucode:post_install	A012	archive_lifecycle	intel-ucode	packages/core/intel-ucode/build.sh	post_install	archive:.scripts/post_install.sh	sha256:50c4647c53bd827d58ef6fa54c847ab8513809cb8bd4eacc2497f350d70ae280	archive:intel-ucode/.scripts/post_install.sh	/usr/bin/bash -e	pkm/hooks.py	root	Intel firmware tree and tool availability	/boot/intel-ucode.img	iucode_tool; rm	none	body SHA-256 50c4647c53bd827d58ef6fa54c847ab8513809cb8bd4eacc2497f350d70ae280 bound to base recipe; package archive/index trust precedes extraction	root boot-file DAC	transitional Cx:archive-lifecycle/intel-microcode-image; end state stable package-owned Px; never inherit pkm	intel-microcode-image	pkm starts /usr/bin/bash -e; body children remain PATH-resolved unless explicitly absolute
archive:intergen-firstboot:post_install	A-NOOP-009	archive_noop	intergen-firstboot	packages/desktop/intergen-firstboot/build.sh	post_install	archive:.scripts/post_install.sh	sha256:d8821cc6ac5368326e9343057a986bdc328f4b445f62e77b06707ed15c8e09fe	archive:intergen-firstboot/.scripts/post_install.sh	/usr/bin/bash -e	pkm/hooks.py	root today	none	none	none	none	exact body SHA-256 sha256:d8821cc6ac5368326e9343057a986bdc328f4b445f62e77b06707ed15c8e09fe; conservative no-op classifier with mutation controls	none	remove declarations or make hook sealing skip semantically empty bodies; no child execution authority	no-op-aggregate	pkm starts /usr/bin/bash -e; body children remain PATH-resolved unless explicitly absolute
archive:intergen-mark:post_install	A066	archive_lifecycle	intergen-mark	packages/desktop/intergen-mark/build.sh	post_install	archive:.scripts/post_install.sh	sha256:89f012d68c5d7ff4a54f0f9070e4870eeb93dd0a8df3a4d067abac7c481faab9	archive:intergen-mark/.scripts/post_install.sh	/usr/bin/bash -e	pkm/hooks.py	root	icon theme and tool availability	icon-theme.cache	gtk-update-icon-cache	none	body SHA-256 89f012d68c5d7ff4a54f0f9070e4870eeb93dd0a8df3a4d067abac7c481faab9 bound to base recipe; package archive/index trust precedes extraction	root theme-directory DAC	transitional Cx:archive-lifecycle/icon-cache-guarded; end state stable package-owned Px; never inherit pkm	icon-cache-guarded	pkm starts /usr/bin/bash -e; body children remain PATH-resolved unless explicitly absolute
archive:intergen-no-overview:post_install	A-NOOP-010	archive_noop	intergen-no-overview	packages/desktop/intergen-no-overview/build.sh	post_install	archive:.scripts/post_install.sh	sha256:e1b31f81d4527a55ec0897dd72d8e270e64348ef8aeae13ebc7c520d605ff484	archive:intergen-no-overview/.scripts/post_install.sh	/usr/bin/bash -e	pkm/hooks.py	root today	none	none	none	none	exact body SHA-256 sha256:e1b31f81d4527a55ec0897dd72d8e270e64348ef8aeae13ebc7c520d605ff484; conservative no-op classifier with mutation controls	none	remove declarations or make hook sealing skip semantically empty bodies; no child execution authority	no-op-aggregate	pkm starts /usr/bin/bash -e; body children remain PATH-resolved unless explicitly absolute
archive:intergen-pkm-notifier:post_install	A-NOOP-011	archive_noop	intergen-pkm-notifier	packages/desktop/intergen-pkm-notifier/build.sh	post_install	archive:.scripts/post_install.sh	sha256:9dc1b0ef526fde65ac1c422841113c0beb7f8736f350d8b4d01d42f4e968a644	archive:intergen-pkm-notifier/.scripts/post_install.sh	/usr/bin/bash -e	pkm/hooks.py	root today	none	none	none	none	exact body SHA-256 sha256:9dc1b0ef526fde65ac1c422841113c0beb7f8736f350d8b4d01d42f4e968a644; conservative no-op classifier with mutation controls	none	remove declarations or make hook sealing skip semantically empty bodies; no child execution authority	no-op-aggregate	pkm starts /usr/bin/bash -e; body children remain PATH-resolved unless explicitly absolute
archive:intergen-toggle:post_install	A067	archive_lifecycle	intergen-toggle	packages/desktop/intergen-toggle/build.sh	post_install	archive:.scripts/post_install.sh	sha256:6cc996d977ab66fc45e1aa44fbbdf00dd319de4488c1b9fbc720597fb47fab41	archive:intergen-toggle/.scripts/post_install.sh	/usr/bin/bash -e	pkm/hooks.py	root	desktop entries, icon theme and tool availability	mimeinfo.cache and icon-theme.cache	gtk-update-icon-cache; update-desktop-database	none	body SHA-256 6cc996d977ab66fc45e1aa44fbbdf00dd319de4488c1b9fbc720597fb47fab41 bound to base recipe; package archive/index trust precedes extraction	root application/icon-directory DAC	transitional Cx:archive-lifecycle/desktop-caches-guarded; end state stable package-owned Px; never inherit pkm	desktop-caches-guarded	pkm starts /usr/bin/bash -e; body children remain PATH-resolved unless explicitly absolute
archive:intergen-welcome:post_install	A068	archive_lifecycle	intergen-welcome	packages/desktop/intergen-welcome/build.sh	post_install	archive:.scripts/post_install.sh	sha256:6cc996d977ab66fc45e1aa44fbbdf00dd319de4488c1b9fbc720597fb47fab41	archive:intergen-welcome/.scripts/post_install.sh	/usr/bin/bash -e	pkm/hooks.py	root	desktop entries, icon theme and tool availability	mimeinfo.cache and icon-theme.cache	gtk-update-icon-cache; update-desktop-database	none	body SHA-256 6cc996d977ab66fc45e1aa44fbbdf00dd319de4488c1b9fbc720597fb47fab41 bound to base recipe; package archive/index trust precedes extraction	root application/icon-directory DAC	transitional Cx:archive-lifecycle/desktop-caches-guarded; end state stable package-owned Px; never inherit pkm	desktop-caches-guarded	pkm starts /usr/bin/bash -e; body children remain PATH-resolved unless explicitly absolute
archive:intergen:post_install	A001	archive_lifecycle	intergen	packages/ai/intergen/build.sh	post_install	archive:.scripts/post_install.sh	sha256:096446ed380ec64a76ea61acdf1a3c69879e636a7925f2e3771345a591fcc357	archive:intergen/.scripts/post_install.sh	/usr/bin/bash -e	pkm/hooks.py	root	none	none	shell builtins only	none	body SHA-256 096446ed380ec64a76ea61acdf1a3c69879e636a7925f2e3771345a591fcc357 bound to base recipe; package archive/index trust precedes extraction	none	transitional Cx:archive-lifecycle/message-only; end state stable package-owned Px; never inherit pkm	message-only	pkm starts /usr/bin/bash -e; body children remain PATH-resolved unless explicitly absolute
archive:intergenos-backup:post_install	A069	archive_lifecycle	intergenos-backup	packages/desktop/intergenos-backup/build.sh	post_install	archive:.scripts/post_install.sh	sha256:e20c03e868f7230d9555a6159a7cdcdd002fb9e96242fe5d6aaad4215476ef17	archive:intergenos-backup/.scripts/post_install.sh	/usr/bin/bash -e	pkm/hooks.py	root	Chronicle sysusers fragment; unit enablement; desktop/icon inputs	account databases; starts enabled Chronicle units; icon and desktop caches	systemd-sysusers; systemctl is-enabled/start; gtk-update-icon-cache; update-desktop-database	none	body SHA-256 e20c03e868f7230d9555a6159a7cdcdd002fb9e96242fe5d6aaad4215476ef17 bound to base recipe; package archive/index trust precedes extraction	root account/cache DAC; system-manager D-Bus	transitional Cx:archive-lifecycle/pkg-intergenos-backup; end state stable package-owned Px; never inherit pkm	pkg-intergenos-backup	pkm starts /usr/bin/bash -e; body children remain PATH-resolved unless explicitly absolute
archive:intergenos-base-files:post_install	A-NOOP-012	archive_noop	intergenos-base-files	packages/core/intergenos-base-files/build.sh	post_install	archive:.scripts/post_install.sh	sha256:dcfd1802f0a35bdf36616e634c174672410224103c4277885cb82c8971e07db4	archive:intergenos-base-files/.scripts/post_install.sh	/usr/bin/bash -e	pkm/hooks.py	root today	none	none	none	none	exact body SHA-256 sha256:dcfd1802f0a35bdf36616e634c174672410224103c4277885cb82c8971e07db4; conservative no-op classifier with mutation controls	none	remove declarations or make hook sealing skip semantically empty bodies; no child execution authority	no-op-aggregate	pkm starts /usr/bin/bash -e; body children remain PATH-resolved unless explicitly absolute
archive:intergenos-default-settings:post_install	A013	archive_lifecycle	intergenos-default-settings	packages/core/intergenos-default-settings/build.sh	post_install	archive:.scripts/post_install.sh	sha256:160d4f30fb4aa0acbef856e48306fca90ec2eebf2898e4a2e44dc56236a4dde1	archive:intergenos-default-settings/.scripts/post_install.sh	/usr/bin/bash -e	pkm/hooks.py	root	dconf and GLib schema sources	dconf database and gschemas.compiled	dconf; glib-compile-schemas	none	body SHA-256 160d4f30fb4aa0acbef856e48306fca90ec2eebf2898e4a2e44dc56236a4dde1 bound to base recipe; package archive/index trust precedes extraction	root /etc and schema-directory DAC	transitional Cx:archive-lifecycle/dconf-schema; end state stable package-owned Px; never inherit pkm	dconf-schema	pkm starts /usr/bin/bash -e; body children remain PATH-resolved unless explicitly absolute
archive:intergenos-extensions-appearance:post_install	A070	archive_lifecycle	intergenos-extensions-appearance	packages/desktop/intergenos-extensions-appearance/build.sh	post_install	archive:.scripts/post_install.sh	sha256:7dbefe94c705a40f95d5bb4b132becbfb7658090247d87772d623655f1fe74f2	archive:intergenos-extensions-appearance/.scripts/post_install.sh	/usr/bin/bash -e	pkm/hooks.py	root	GLib schema XML/overrides	gschemas.compiled	glib-compile-schemas	none	body SHA-256 7dbefe94c705a40f95d5bb4b132becbfb7658090247d87772d623655f1fe74f2 bound to base recipe; package archive/index trust precedes extraction	root schema-directory DAC	transitional Cx:archive-lifecycle/glib-schemas; end state stable package-owned Px; never inherit pkm	glib-schemas	pkm starts /usr/bin/bash -e; body children remain PATH-resolved unless explicitly absolute
archive:intergenos-extensions-layout:post_install	A071	archive_lifecycle	intergenos-extensions-layout	packages/desktop/intergenos-extensions-layout/build.sh	post_install	archive:.scripts/post_install.sh	sha256:15e51ad16915a694ff076f97ba82f4054e5a4eafaa40d2e368c1450594a1884c	archive:intergenos-extensions-layout/.scripts/post_install.sh	/usr/bin/bash -e	pkm/hooks.py	root	GLib schema XML/overrides	gschemas.compiled	glib-compile-schemas	none	body SHA-256 15e51ad16915a694ff076f97ba82f4054e5a4eafaa40d2e368c1450594a1884c bound to base recipe; package archive/index trust precedes extraction	root schema-directory DAC	transitional Cx:archive-lifecycle/glib-schemas; end state stable package-owned Px; never inherit pkm	glib-schemas	pkm starts /usr/bin/bash -e; body children remain PATH-resolved unless explicitly absolute
archive:intergenos-extensions-productivity:post_install	A072	archive_lifecycle	intergenos-extensions-productivity	packages/desktop/intergenos-extensions-productivity/build.sh	post_install	archive:.scripts/post_install.sh	sha256:15e51ad16915a694ff076f97ba82f4054e5a4eafaa40d2e368c1450594a1884c	archive:intergenos-extensions-productivity/.scripts/post_install.sh	/usr/bin/bash -e	pkm/hooks.py	root	GLib schema XML/overrides	gschemas.compiled	glib-compile-schemas	none	body SHA-256 15e51ad16915a694ff076f97ba82f4054e5a4eafaa40d2e368c1450594a1884c bound to base recipe; package archive/index trust precedes extraction	root schema-directory DAC	transitional Cx:archive-lifecycle/glib-schemas; end state stable package-owned Px; never inherit pkm	glib-schemas	pkm starts /usr/bin/bash -e; body children remain PATH-resolved unless explicitly absolute
archive:intergenos-extensions-utilities:post_install	A073	archive_lifecycle	intergenos-extensions-utilities	packages/desktop/intergenos-extensions-utilities/build.sh	post_install	archive:.scripts/post_install.sh	sha256:15e51ad16915a694ff076f97ba82f4054e5a4eafaa40d2e368c1450594a1884c	archive:intergenos-extensions-utilities/.scripts/post_install.sh	/usr/bin/bash -e	pkm/hooks.py	root	GLib schema XML/overrides	gschemas.compiled	glib-compile-schemas	none	body SHA-256 15e51ad16915a694ff076f97ba82f4054e5a4eafaa40d2e368c1450594a1884c bound to base recipe; package archive/index trust precedes extraction	root schema-directory DAC	transitional Cx:archive-lifecycle/glib-schemas; end state stable package-owned Px; never inherit pkm	glib-schemas	pkm starts /usr/bin/bash -e; body children remain PATH-resolved unless explicitly absolute
archive:intergenos-grub-theme:post_install	A074	archive_lifecycle	intergenos-grub-theme	packages/desktop/intergenos-grub-theme/build.sh	post_install	archive:.scripts/post_install.sh	sha256:4da796c44fe9216539f30f9c06266ee73f730ecd00a32267fa4152637b007789	archive:intergenos-grub-theme/.scripts/post_install.sh	/usr/bin/bash -e	pkm/hooks.py	root	boot configuration and installed command availability	/boot/grub/grub.cfg	grub-mkconfig or update-grub	none	body SHA-256 4da796c44fe9216539f30f9c06266ee73f730ecd00a32267fa4152637b007789 bound to base recipe; package archive/index trust precedes extraction	root boot-file DAC	transitional Cx:archive-lifecycle/boot-menu-regenerate; end state stable package-owned Px; never inherit pkm	boot-menu-regenerate	pkm starts /usr/bin/bash -e; body children remain PATH-resolved unless explicitly absolute
archive:intergenos-icon-theme:post_install	A075	archive_lifecycle	intergenos-icon-theme	packages/desktop/intergenos-icon-theme/build.sh	post_install	archive:.scripts/post_install.sh	sha256:c54fd0e96479639108b1475df20f5ebb155ade7078d1f73808d567b7399ba2c3	archive:intergenos-icon-theme/.scripts/post_install.sh	/usr/bin/bash -e	pkm/hooks.py	root	one icon theme	icon-theme.cache	gtk-update-icon-cache	none	body SHA-256 c54fd0e96479639108b1475df20f5ebb155ade7078d1f73808d567b7399ba2c3 bound to base recipe; package archive/index trust precedes extraction	root theme-directory DAC	transitional Cx:archive-lifecycle/icon-cache; end state stable package-owned Px; never inherit pkm	icon-cache	pkm starts /usr/bin/bash -e; body children remain PATH-resolved unless explicitly absolute
archive:intergenos-launch-monitor:post_install	A-NOOP-013	archive_noop	intergenos-launch-monitor	packages/desktop/intergenos-launch-monitor/build.sh	post_install	archive:.scripts/post_install.sh	sha256:e1b31f81d4527a55ec0897dd72d8e270e64348ef8aeae13ebc7c520d605ff484	archive:intergenos-launch-monitor/.scripts/post_install.sh	/usr/bin/bash -e	pkm/hooks.py	root today	none	none	none	none	exact body SHA-256 sha256:e1b31f81d4527a55ec0897dd72d8e270e64348ef8aeae13ebc7c520d605ff484; conservative no-op classifier with mutation controls	none	remove declarations or make hook sealing skip semantically empty bodies; no child execution authority	no-op-aggregate	pkm starts /usr/bin/bash -e; body children remain PATH-resolved unless explicitly absolute
archive:intergenos-settings-arrow:post_install	A-NOOP-014	archive_noop	intergenos-settings-arrow	packages/desktop/intergenos-settings-arrow/build.sh	post_install	archive:.scripts/post_install.sh	sha256:e1b31f81d4527a55ec0897dd72d8e270e64348ef8aeae13ebc7c520d605ff484	archive:intergenos-settings-arrow/.scripts/post_install.sh	/usr/bin/bash -e	pkm/hooks.py	root today	none	none	none	none	exact body SHA-256 sha256:e1b31f81d4527a55ec0897dd72d8e270e64348ef8aeae13ebc7c520d605ff484; conservative no-op classifier with mutation controls	none	remove declarations or make hook sealing skip semantically empty bodies; no child execution authority	no-op-aggregate	pkm starts /usr/bin/bash -e; body children remain PATH-resolved unless explicitly absolute
archive:intergenos-theme:post_install	A-NOOP-015	archive_noop	intergenos-theme	packages/desktop/intergenos-theme/build.sh	post_install	archive:.scripts/post_install.sh	sha256:dc00b2eb36c508f1faddecd788eb84c676bf49d91be03aa3ccf5c541c740e416	archive:intergenos-theme/.scripts/post_install.sh	/usr/bin/bash -e	pkm/hooks.py	root today	none	none	none	none	exact body SHA-256 sha256:dc00b2eb36c508f1faddecd788eb84c676bf49d91be03aa3ccf5c541c740e416; conservative no-op classifier with mutation controls	none	remove declarations or make hook sealing skip semantically empty bodies; no child execution authority	no-op-aggregate	pkm starts /usr/bin/bash -e; body children remain PATH-resolved unless explicitly absolute
archive:lib32-glibc:post_install	A014	archive_lifecycle	lib32-glibc	packages/core/lib32-glibc/build.sh	post_install	archive:.scripts/post_install.sh	sha256:df735906ed1e60f16d4503b923f755b2dba6659f641aedfa3d91c7a7558b4fe4	archive:lib32-glibc/.scripts/post_install.sh	/usr/bin/bash -e	pkm/hooks.py	root	32-bit compiler/runtime and loader config	/etc/ld.so.cache; /tmp 32-bit canary then deletes it	ldconfig; gcc -m32; canary executable; rm	none	body SHA-256 df735906ed1e60f16d4503b923f755b2dba6659f641aedfa3d91c7a7558b4fe4 bound to base recipe; package archive/index trust precedes extraction	root loader-cache DAC; execute generated test binary	transitional Cx:archive-lifecycle/pkg-lib32-glibc; end state stable package-owned Px; never inherit pkm	pkg-lib32-glibc	pkm starts /usr/bin/bash -e; body children remain PATH-resolved unless explicitly absolute
archive:libadwaita1:post_install	A076	archive_lifecycle	libadwaita1	packages/desktop/libadwaita1/build.sh	post_install	archive:.scripts/post_install.sh	sha256:15e51ad16915a694ff076f97ba82f4054e5a4eafaa40d2e368c1450594a1884c	archive:libadwaita1/.scripts/post_install.sh	/usr/bin/bash -e	pkm/hooks.py	root	GLib schema XML/overrides	gschemas.compiled	glib-compile-schemas	none	body SHA-256 15e51ad16915a694ff076f97ba82f4054e5a4eafaa40d2e368c1450594a1884c bound to base recipe; package archive/index trust precedes extraction	root schema-directory DAC	transitional Cx:archive-lifecycle/glib-schemas; end state stable package-owned Px; never inherit pkm	glib-schemas	pkm starts /usr/bin/bash -e; body children remain PATH-resolved unless explicitly absolute
archive:libcloudproviders:post_install	A077	archive_lifecycle	libcloudproviders	packages/desktop/libcloudproviders/build.sh	post_install	archive:.scripts/post_install.sh	sha256:15e51ad16915a694ff076f97ba82f4054e5a4eafaa40d2e368c1450594a1884c	archive:libcloudproviders/.scripts/post_install.sh	/usr/bin/bash -e	pkm/hooks.py	root	GLib schema XML/overrides	gschemas.compiled	glib-compile-schemas	none	body SHA-256 15e51ad16915a694ff076f97ba82f4054e5a4eafaa40d2e368c1450594a1884c bound to base recipe; package archive/index trust precedes extraction	root schema-directory DAC	transitional Cx:archive-lifecycle/glib-schemas; end state stable package-owned Px; never inherit pkm	glib-schemas	pkm starts /usr/bin/bash -e; body children remain PATH-resolved unless explicitly absolute
archive:libdbusmenu:post_install	A078	archive_lifecycle	libdbusmenu	packages/desktop/libdbusmenu/build.sh	post_install	archive:.scripts/post_install.sh	sha256:b8fedc029478023cf120231937418b41cbcd8cf4873a295a42b21778155d4a24	archive:libdbusmenu/.scripts/post_install.sh	/usr/bin/bash -e	pkm/hooks.py	root	loader configuration and shared libraries	/etc/ld.so.cache	ldconfig	none	body SHA-256 b8fedc029478023cf120231937418b41cbcd8cf4873a295a42b21778155d4a24 bound to base recipe; package archive/index trust precedes extraction	root loader-cache DAC	transitional Cx:archive-lifecycle/ld-cache; end state stable package-owned Px; never inherit pkm	ld-cache	pkm starts /usr/bin/bash -e; body children remain PATH-resolved unless explicitly absolute
archive:libgphoto2:post_install	A079	archive_lifecycle	libgphoto2	packages/desktop/libgphoto2/build.sh	post_install	archive:.scripts/post_install.sh	sha256:1ff59d0c49f8a53644deb1200e93b367bb932f93e76a9b411e132fdab88875c3	archive:libgphoto2/.scripts/post_install.sh	/usr/bin/bash -e	pkm/hooks.py	root	udev rules and sysfs device state	udev daemon runtime rules/state	udevadm	none	body SHA-256 1ff59d0c49f8a53644deb1200e93b367bb932f93e76a9b411e132fdab88875c3 bound to base recipe; package archive/index trust precedes extraction	udev control socket and device-event authority	transitional Cx:archive-lifecycle/udev-refresh; end state stable package-owned Px; never inherit pkm	udev-refresh	pkm starts /usr/bin/bash -e; body children remain PATH-resolved unless explicitly absolute
archive:libimobiledevice:post_install	A080	archive_lifecycle	libimobiledevice	packages/desktop/libimobiledevice/build.sh	post_install	archive:.scripts/post_install.sh	sha256:1ff59d0c49f8a53644deb1200e93b367bb932f93e76a9b411e132fdab88875c3	archive:libimobiledevice/.scripts/post_install.sh	/usr/bin/bash -e	pkm/hooks.py	root	udev rules and sysfs device state	udev daemon runtime rules/state	udevadm	none	body SHA-256 1ff59d0c49f8a53644deb1200e93b367bb932f93e76a9b411e132fdab88875c3 bound to base recipe; package archive/index trust precedes extraction	udev control socket and device-event authority	transitional Cx:archive-lifecycle/udev-refresh; end state stable package-owned Px; never inherit pkm	udev-refresh	pkm starts /usr/bin/bash -e; body children remain PATH-resolved unless explicitly absolute
archive:libmtp:post_install	A081	archive_lifecycle	libmtp	packages/desktop/libmtp/build.sh	post_install	archive:.scripts/post_install.sh	sha256:1ff59d0c49f8a53644deb1200e93b367bb932f93e76a9b411e132fdab88875c3	archive:libmtp/.scripts/post_install.sh	/usr/bin/bash -e	pkm/hooks.py	root	udev rules and sysfs device state	udev daemon runtime rules/state	udevadm	none	body SHA-256 1ff59d0c49f8a53644deb1200e93b367bb932f93e76a9b411e132fdab88875c3 bound to base recipe; package archive/index trust precedes extraction	udev control socket and device-event authority	transitional Cx:archive-lifecycle/udev-refresh; end state stable package-owned Px; never inherit pkm	udev-refresh	pkm starts /usr/bin/bash -e; body children remain PATH-resolved unless explicitly absolute
archive:libreoffice:post_install	A107	archive_lifecycle	libreoffice	packages/extra/libreoffice/build.sh	post_install	archive:.scripts/post_install.sh	sha256:d2afe15c320418b37d7bd338a480300f9c48c100fb403749ceaf4a995eac0187	archive:libreoffice/.scripts/post_install.sh	/usr/bin/bash -e	pkm/hooks.py	root	desktop entries and icons	mimeinfo.cache and icon-theme.cache	update-desktop-database; gtk-update-icon-cache	none	body SHA-256 d2afe15c320418b37d7bd338a480300f9c48c100fb403749ceaf4a995eac0187 bound to base recipe; package archive/index trust precedes extraction	root application/icon-directory DAC	transitional Cx:archive-lifecycle/desktop-icon-cache; end state stable package-owned Px; never inherit pkm	desktop-icon-cache	pkm starts /usr/bin/bash -e; body children remain PATH-resolved unless explicitly absolute
archive:librsvg:post_install	A082	archive_lifecycle	librsvg	packages/desktop/librsvg/build.sh	post_install	archive:.scripts/post_install.sh	sha256:c0513d34aae814d37410f85f62f3e7555ef075b82c4b39cfd4596bf4d90ce59f	archive:librsvg/.scripts/post_install.sh	/usr/bin/bash -e	pkm/hooks.py	root	GDK Pixbuf loaders	loaders.cache	gdk-pixbuf-query-loaders	none	body SHA-256 c0513d34aae814d37410f85f62f3e7555ef075b82c4b39cfd4596bf4d90ce59f bound to base recipe; package archive/index trust precedes extraction	root loader-cache DAC	transitional Cx:archive-lifecycle/gdk-pixbuf-cache; end state stable package-owned Px; never inherit pkm	gdk-pixbuf-cache	pkm starts /usr/bin/bash -e; body children remain PATH-resolved unless explicitly absolute
archive:libsecret:post_install	A083	archive_lifecycle	libsecret	packages/desktop/libsecret/build.sh	post_install	archive:.scripts/post_install.sh	sha256:15e51ad16915a694ff076f97ba82f4054e5a4eafaa40d2e368c1450594a1884c	archive:libsecret/.scripts/post_install.sh	/usr/bin/bash -e	pkm/hooks.py	root	GLib schema XML/overrides	gschemas.compiled	glib-compile-schemas	none	body SHA-256 15e51ad16915a694ff076f97ba82f4054e5a4eafaa40d2e368c1450594a1884c bound to base recipe; package archive/index trust precedes extraction	root schema-directory DAC	transitional Cx:archive-lifecycle/glib-schemas; end state stable package-owned Px; never inherit pkm	glib-schemas	pkm starts /usr/bin/bash -e; body children remain PATH-resolved unless explicitly absolute
archive:libxapp:post_install	A108	archive_lifecycle	libxapp	packages/extra/libxapp/build.sh	post_install	archive:.scripts/post_install.sh	sha256:7f6dba151bf28b400ecb96f546a61f0946131c81d061f1f6408d106225dd8f0c	archive:libxapp/.scripts/post_install.sh	/usr/bin/bash -e	pkm/hooks.py	root	GLib schemas, loader config and libraries	gschemas.compiled and /etc/ld.so.cache	glib-compile-schemas; ldconfig	none	body SHA-256 7f6dba151bf28b400ecb96f546a61f0946131c81d061f1f6408d106225dd8f0c bound to base recipe; package archive/index trust precedes extraction	root schema/loader-cache DAC	transitional Cx:archive-lifecycle/schema-ld-cache; end state stable package-owned Px; never inherit pkm	schema-ld-cache	pkm starts /usr/bin/bash -e; body children remain PATH-resolved unless explicitly absolute
archive:lighttpd:post_install	A109	archive_lifecycle	lighttpd	packages/extra/lighttpd/build.sh	post_install	archive:.scripts/post_install.sh	sha256:c14d9864adfb4b63f5ee18b2b11b2d8e930519001439d2c636c1989a4a4b0a46	archive:lighttpd/.scripts/post_install.sh	/usr/bin/bash -e	pkm/hooks.py	root	Lighttpd sysusers fragment, profile, config/state dirs	account databases; ownership/mode; running-kernel AppArmor policy	systemd-sysusers; chown; chmod; apparmor_parser	none	body SHA-256 c14d9864adfb4b63f5ee18b2b11b2d8e930519001439d2c636c1989a4a4b0a46 bound to base recipe; package archive/index trust precedes extraction	CAP_CHOWN; CAP_MAC_ADMIN; root DAC	transitional Cx:archive-lifecycle/pkg-lighttpd; end state stable package-owned Px; never inherit pkm	pkg-lighttpd	pkm starts /usr/bin/bash -e; body children remain PATH-resolved unless explicitly absolute
archive:linux-kernel:post_install	A015	archive_lifecycle	linux-kernel	packages/core/linux-kernel/build.sh	post_install	archive:.scripts/post_install.sh	sha256:afb3c4b2147479f438b09d86ab59ed84cb225a89706105b2f1bceafd36bdb7d0	archive:linux-kernel/.scripts/post_install.sh	/usr/bin/bash -e	pkm/hooks.py	root	one /usr/lib/modules/*-igos-* tree	that tree's modules.* indexes	depmod	none	body SHA-256 afb3c4b2147479f438b09d86ab59ed84cb225a89706105b2f1bceafd36bdb7d0 bound to base recipe; package archive/index trust precedes extraction	root module-tree DAC	transitional Cx:archive-lifecycle/pkg-linux-kernel; end state stable package-owned Px; never inherit pkm	pkg-linux-kernel	pkm starts /usr/bin/bash -e; body children remain PATH-resolved unless explicitly absolute
archive:lynx:post_install	A084	archive_lifecycle	lynx	packages/desktop/lynx/build.sh	post_install	archive:.scripts/post_install.sh	sha256:d573dd0a9f15b6ea9e0b3c25c144f65395e85a9bfb8b7613fe25650a216aeb89	archive:lynx/.scripts/post_install.sh	/usr/bin/bash -e	pkm/hooks.py	root	named package documentation path	group ownership on named path	chgrp	none	body SHA-256 d573dd0a9f15b6ea9e0b3c25c144f65395e85a9bfb8b7613fe25650a216aeb89 bound to base recipe; package archive/index trust precedes extraction	CAP_CHOWN	transitional Cx:archive-lifecycle/ownership-chgrp; end state stable package-owned Px; never inherit pkm	ownership-chgrp	pkm starts /usr/bin/bash -e; body children remain PATH-resolved unless explicitly absolute
archive:macos-cursor-theme:post_install	A-NOOP-016	archive_noop	macos-cursor-theme	packages/desktop/macos-cursor-theme/build.sh	post_install	archive:.scripts/post_install.sh	sha256:e1b31f81d4527a55ec0897dd72d8e270e64348ef8aeae13ebc7c520d605ff484	archive:macos-cursor-theme/.scripts/post_install.sh	/usr/bin/bash -e	pkm/hooks.py	root today	none	none	none	none	exact body SHA-256 sha256:e1b31f81d4527a55ec0897dd72d8e270e64348ef8aeae13ebc7c520d605ff484; conservative no-op classifier with mutation controls	none	remove declarations or make hook sealing skip semantically empty bodies; no child execution authority	no-op-aggregate	pkm starts /usr/bin/bash -e; body children remain PATH-resolved unless explicitly absolute
archive:mariadb:post_install	A110	archive_lifecycle	mariadb	packages/extra/mariadb/build.sh	post_install	archive:.scripts/post_install.sh	sha256:4007fc9c9cc34ecc0a13d31bbe34c94d5456b273f0ca09936984d7e5d5189313	archive:mariadb/.scripts/post_install.sh	/usr/bin/bash -e	pkm/hooks.py	root	MariaDB state dirs and AppArmor profile	state/log/runtime ownership; running-kernel AppArmor policy	chown; apparmor_parser	none	body SHA-256 4007fc9c9cc34ecc0a13d31bbe34c94d5456b273f0ca09936984d7e5d5189313 bound to base recipe; package archive/index trust precedes extraction	CAP_CHOWN; CAP_MAC_ADMIN; root state DAC	transitional Cx:archive-lifecycle/pkg-mariadb; end state stable package-owned Px; never inherit pkm	pkg-mariadb	pkm starts /usr/bin/bash -e; body children remain PATH-resolved unless explicitly absolute
archive:memcached:post_install	A111	archive_lifecycle	memcached	packages/extra/memcached/build.sh	post_install	archive:.scripts/post_install.sh	sha256:8df3ce1b0797903c65d50303e49e9c9567da3f65202254e0456c56ca8f13c031	archive:memcached/.scripts/post_install.sh	/usr/bin/bash -e	pkm/hooks.py	root	AppArmor profile and named service paths	named service state directories; running-kernel AppArmor policy	install; apparmor_parser	none	body SHA-256 8df3ce1b0797903c65d50303e49e9c9567da3f65202254e0456c56ca8f13c031 bound to base recipe; package archive/index trust precedes extraction	root DAC; ownership setting; CAP_MAC_ADMIN	transitional Cx:archive-lifecycle/server-policy-dirs; end state stable package-owned Px; never inherit pkm	server-policy-dirs	pkm starts /usr/bin/bash -e; body children remain PATH-resolved unless explicitly absolute
archive:mpv:post_install	A112	archive_lifecycle	mpv	packages/extra/mpv/build.sh	post_install	archive:.scripts/post_install.sh	sha256:f7949aea698272ad2f174f45874822f71d9692a018e324ecb4ea6c1b183fec62	archive:mpv/.scripts/post_install.sh	/usr/bin/bash -e	pkm/hooks.py	root	desktop entries and icons	mimeinfo.cache and icon-theme.cache	update-desktop-database; gtk-update-icon-cache	none	body SHA-256 f7949aea698272ad2f174f45874822f71d9692a018e324ecb4ea6c1b183fec62 bound to base recipe; package archive/index trust precedes extraction	root application/icon-directory DAC	transitional Cx:archive-lifecycle/desktop-icon-cache; end state stable package-owned Px; never inherit pkm	desktop-icon-cache	pkm starts /usr/bin/bash -e; body children remain PATH-resolved unless explicitly absolute
archive:nginx:post_install	A113	archive_lifecycle	nginx	packages/extra/nginx/build.sh	post_install	archive:.scripts/post_install.sh	sha256:8c9d246805237922cfb93ad2d2accdab78bcc422eea6b4f504801fe3887baea0	archive:nginx/.scripts/post_install.sh	/usr/bin/bash -e	pkm/hooks.py	root	AppArmor profile and named service paths	named service state directories; running-kernel AppArmor policy	install; apparmor_parser	none	body SHA-256 8c9d246805237922cfb93ad2d2accdab78bcc422eea6b4f504801fe3887baea0 bound to base recipe; package archive/index trust precedes extraction	root DAC; ownership setting; CAP_MAC_ADMIN	transitional Cx:archive-lifecycle/server-policy-dirs; end state stable package-owned Px; never inherit pkm	server-policy-dirs	pkm starts /usr/bin/bash -e; body children remain PATH-resolved unless explicitly absolute
archive:nordic-theme:post_install	A-NOOP-017	archive_noop	nordic-theme	packages/desktop/nordic-theme/build.sh	post_install	archive:.scripts/post_install.sh	sha256:e1b31f81d4527a55ec0897dd72d8e270e64348ef8aeae13ebc7c520d605ff484	archive:nordic-theme/.scripts/post_install.sh	/usr/bin/bash -e	pkm/hooks.py	root today	none	none	none	none	exact body SHA-256 sha256:e1b31f81d4527a55ec0897dd72d8e270e64348ef8aeae13ebc7c520d605ff484; conservative no-op classifier with mutation controls	none	remove declarations or make hook sealing skip semantically empty bodies; no child execution authority	no-op-aggregate	pkm starts /usr/bin/bash -e; body children remain PATH-resolved unless explicitly absolute
archive:nvidia:post_install	A-NOOP-018	archive_noop	nvidia	packages/extra/nvidia/build.sh	post_install	archive:.scripts/post_install.sh	sha256:ba4abe98669403e386fa9082b719747325200aa31d67faeb76f76df6f1d227ff	archive:nvidia/.scripts/post_install.sh	/usr/bin/bash -e	pkm/hooks.py	root today	none	none	none	none	exact body SHA-256 sha256:ba4abe98669403e386fa9082b719747325200aa31d67faeb76f76df6f1d227ff; conservative no-op classifier with mutation controls	none	remove declarations or make hook sealing skip semantically empty bodies; no child execution authority	no-op-aggregate	pkm starts /usr/bin/bash -e; body children remain PATH-resolved unless explicitly absolute
archive:open-vm-tools:post_install	A085	archive_lifecycle	open-vm-tools	packages/desktop/open-vm-tools/build.sh	post_install	archive:.scripts/post_install.sh	sha256:fcaebbb4d3594376a8fba20eb6ccbe71e944ff2c4eaca3d700b21e84592ff19e	archive:open-vm-tools/.scripts/post_install.sh	/usr/bin/bash -e	pkm/hooks.py	root	loader configuration and shared libraries	/etc/ld.so.cache	ldconfig	none	body SHA-256 fcaebbb4d3594376a8fba20eb6ccbe71e944ff2c4eaca3d700b21e84592ff19e bound to base recipe; package archive/index trust precedes extraction	root loader-cache DAC	transitional Cx:archive-lifecycle/ld-cache; end state stable package-owned Px; never inherit pkm	ld-cache	pkm starts /usr/bin/bash -e; body children remain PATH-resolved unless explicitly absolute
archive:openldap:post_install	A016	archive_lifecycle	openldap	packages/core/openldap/build.sh	post_install	archive:.scripts/post_install.sh	sha256:c39cd0be6e61831c830cbbe14d611cec47bab3545480c816a5d5920060a0d45d	archive:openldap/.scripts/post_install.sh	/usr/bin/bash -e	pkm/hooks.py	root	sysusers fragment; LDAP config/state	account databases; /var/lib/openldap; slapd.d ownership; config modes	systemd-sysusers; install; chown; chmod	none	body SHA-256 c39cd0be6e61831c830cbbe14d611cec47bab3545480c816a5d5920060a0d45d bound to base recipe; package archive/index trust precedes extraction	CAP_CHOWN; root config/state DAC	transitional Cx:archive-lifecycle/pkg-openldap; end state stable package-owned Px; never inherit pkm	pkg-openldap	pkm starts /usr/bin/bash -e; body children remain PATH-resolved unless explicitly absolute
archive:openssh:post_install	A017	archive_lifecycle	openssh	packages/core/openssh/build.sh	post_install	archive:.scripts/post_install.sh	sha256:479f31227d05814934ebf9315eed8af4765504555438b84219b9e5bb61dd6f98	archive:openssh/.scripts/post_install.sh	/usr/bin/bash -e	pkm/hooks.py	root	named package paths	named state directories and modes	install	none	body SHA-256 479f31227d05814934ebf9315eed8af4765504555438b84219b9e5bb61dd6f98 bound to base recipe; package archive/index trust precedes extraction	root DAC and ownership setting	transitional Cx:archive-lifecycle/state-dir-install; end state stable package-owned Px; never inherit pkm	state-dir-install	pkm starts /usr/bin/bash -e; body children remain PATH-resolved unless explicitly absolute
archive:orchis-theme:post_install	A-NOOP-019	archive_noop	orchis-theme	packages/desktop/orchis-theme/build.sh	post_install	archive:.scripts/post_install.sh	sha256:e1b31f81d4527a55ec0897dd72d8e270e64348ef8aeae13ebc7c520d605ff484	archive:orchis-theme/.scripts/post_install.sh	/usr/bin/bash -e	pkm/hooks.py	root today	none	none	none	none	exact body SHA-256 sha256:e1b31f81d4527a55ec0897dd72d8e270e64348ef8aeae13ebc7c520d605ff484; conservative no-op classifier with mutation controls	none	remove declarations or make hook sealing skip semantically empty bodies; no child execution authority	no-op-aggregate	pkm starts /usr/bin/bash -e; body children remain PATH-resolved unless explicitly absolute
archive:papirus-icon-theme:post_install	A086	archive_lifecycle	papirus-icon-theme	packages/desktop/papirus-icon-theme/build.sh	post_install	archive:.scripts/post_install.sh	sha256:a44f3fbc5e3844070d7421b61b61da4a8746fbd6a2aff06a269b8d14a61cd549	archive:papirus-icon-theme/.scripts/post_install.sh	/usr/bin/bash -e	pkm/hooks.py	root	one icon theme	icon-theme.cache	gtk-update-icon-cache	none	body SHA-256 a44f3fbc5e3844070d7421b61b61da4a8746fbd6a2aff06a269b8d14a61cd549 bound to base recipe; package archive/index trust precedes extraction	root theme-directory DAC	transitional Cx:archive-lifecycle/icon-cache; end state stable package-owned Px; never inherit pkm	icon-cache	pkm starts /usr/bin/bash -e; body children remain PATH-resolved unless explicitly absolute
archive:phinger-cursors:post_install	A-NOOP-020	archive_noop	phinger-cursors	packages/desktop/phinger-cursors/build.sh	post_install	archive:.scripts/post_install.sh	sha256:e1b31f81d4527a55ec0897dd72d8e270e64348ef8aeae13ebc7c520d605ff484	archive:phinger-cursors/.scripts/post_install.sh	/usr/bin/bash -e	pkm/hooks.py	root today	none	none	none	none	exact body SHA-256 sha256:e1b31f81d4527a55ec0897dd72d8e270e64348ef8aeae13ebc7c520d605ff484; conservative no-op classifier with mutation controls	none	remove declarations or make hook sealing skip semantically empty bodies; no child execution authority	no-op-aggregate	pkm starts /usr/bin/bash -e; body children remain PATH-resolved unless explicitly absolute
archive:postgresql:post_install	A114	archive_lifecycle	postgresql	packages/extra/postgresql/build.sh	post_install	archive:.scripts/post_install.sh	sha256:da224645544c9eb02735fb8c2d951c8095eefaf4349fcbdc1ff3da388dbdd37b	archive:postgresql/.scripts/post_install.sh	/usr/bin/bash -e	pkm/hooks.py	root	PostgreSQL profile and parent state paths	state/log/runtime dirs; running-kernel AppArmor policy	install; apparmor_parser	none	body SHA-256 da224645544c9eb02735fb8c2d951c8095eefaf4349fcbdc1ff3da388dbdd37b bound to base recipe; package archive/index trust precedes extraction	root ownership/DAC; CAP_MAC_ADMIN	transitional Cx:archive-lifecycle/pkg-postgresql; end state stable package-owned Px; never inherit pkm	pkg-postgresql	pkm starts /usr/bin/bash -e; body children remain PATH-resolved unless explicitly absolute
archive:pulseaudio:post_install	A087	archive_lifecycle	pulseaudio	packages/desktop/pulseaudio/build.sh	post_install	archive:.scripts/post_install.sh	sha256:1ff59d0c49f8a53644deb1200e93b367bb932f93e76a9b411e132fdab88875c3	archive:pulseaudio/.scripts/post_install.sh	/usr/bin/bash -e	pkm/hooks.py	root	udev rules and sysfs device state	udev daemon runtime rules/state	udevadm	none	body SHA-256 1ff59d0c49f8a53644deb1200e93b367bb932f93e76a9b411e132fdab88875c3 bound to base recipe; package archive/index trust precedes extraction	udev control socket and device-event authority	transitional Cx:archive-lifecycle/udev-refresh; end state stable package-owned Px; never inherit pkm	udev-refresh	pkm starts /usr/bin/bash -e; body children remain PATH-resolved unless explicitly absolute
archive:pyyaml-pass2:post_install	A018	archive_lifecycle	pyyaml-pass2	packages/core/pyyaml-pass2/build.sh	post_install	archive:.scripts/post_install.sh	sha256:e50caea4ebb1253864b259babeef0a92980aed05fc7db42d32f3d6aaccfbad00	archive:pyyaml-pass2/.scripts/post_install.sh	/usr/bin/bash -e	pkm/hooks.py	root	installed PyYAML and libyaml extension	possible Python bytecode cache	python3	none	body SHA-256 e50caea4ebb1253864b259babeef0a92980aed05fc7db42d32f3d6aaccfbad00 bound to base recipe; package archive/index trust precedes extraction	read installed Python; possible cache DAC	transitional Cx:archive-lifecycle/pkg-pyyaml-pass2; end state stable package-owned Px; never inherit pkm	pkg-pyyaml-pass2	pkm starts /usr/bin/bash -e; body children remain PATH-resolved unless explicitly absolute
archive:pyyaml:post_install	A019	archive_lifecycle	pyyaml	packages/core/pyyaml/build.sh	post_install	archive:.scripts/post_install.sh	sha256:7860541655e4e0f1c1b9c74e4a72c9cdd955fa3b5d4ef7b5eb17bcdf518e914e	archive:pyyaml/.scripts/post_install.sh	/usr/bin/bash -e	pkm/hooks.py	root	installed Python module/package metadata	possible Python bytecode cache	python3	none	body SHA-256 7860541655e4e0f1c1b9c74e4a72c9cdd955fa3b5d4ef7b5eb17bcdf518e914e bound to base recipe; package archive/index trust precedes extraction	read installed Python; possible cache DAC	transitional Cx:archive-lifecycle/python-import-check; end state stable package-owned Px; never inherit pkm	python-import-check	pkm starts /usr/bin/bash -e; body children remain PATH-resolved unless explicitly absolute
archive:remmina:post_install	A115	archive_lifecycle	remmina	packages/extra/remmina/build.sh	post_install	archive:.scripts/post_install.sh	sha256:5c12a80ba704ed2f9b2c72879101065bb551ae4268add41a14df96f737f8037f	archive:remmina/.scripts/post_install.sh	/usr/bin/bash -e	pkm/hooks.py	root	icons, desktop entries, MIME XML, loader config/libraries	icon/desktop/MIME caches and /etc/ld.so.cache	gtk-update-icon-cache; update-desktop-database; update-mime-database; ldconfig	none	body SHA-256 5c12a80ba704ed2f9b2c72879101065bb551ae4268add41a14df96f737f8037f bound to base recipe; package archive/index trust precedes extraction	root application/icon/MIME/loader-cache DAC	transitional Cx:archive-lifecycle/pkg-remmina; end state stable package-owned Px; never inherit pkm	pkg-remmina	pkm starts /usr/bin/bash -e; body children remain PATH-resolved unless explicitly absolute
archive:rhythmbox:post_install	A116	archive_lifecycle	rhythmbox	packages/extra/rhythmbox/build.sh	post_install	archive:.scripts/post_install.sh	sha256:261a10f92c612ba241526a249c0215cb6f55c8c3d8f743f6df6de58efe47fd78	archive:rhythmbox/.scripts/post_install.sh	/usr/bin/bash -e	pkm/hooks.py	root	schemas, icons, desktop entries and expected man pages	gschemas.compiled; icon-theme.cache; mimeinfo.cache	glib-compile-schemas; gtk-update-icon-cache; update-desktop-database	none	body SHA-256 261a10f92c612ba241526a249c0215cb6f55c8c3d8f743f6df6de58efe47fd78 bound to base recipe; package archive/index trust precedes extraction	root schema/icon/application DAC	transitional Cx:archive-lifecycle/pkg-rhythmbox; end state stable package-owned Px; never inherit pkm	pkg-rhythmbox	pkm starts /usr/bin/bash -e; body children remain PATH-resolved unless explicitly absolute
archive:scons:post_install	A-NOOP-021	archive_noop	scons	packages/extra/scons/build.sh	post_install	archive:.scripts/post_install.sh	sha256:d90ccfb51adff715abd48728b2878e014597fa02243fcc323ea0d60092166f43	archive:scons/.scripts/post_install.sh	/usr/bin/bash -e	pkm/hooks.py	root today	none	none	none	none	exact body SHA-256 sha256:d90ccfb51adff715abd48728b2878e014597fa02243fcc323ea0d60092166f43; conservative no-op classifier with mutation controls	none	remove declarations or make hook sealing skip semantically empty bodies; no child execution authority	no-op-aggregate	pkm starts /usr/bin/bash -e; body children remain PATH-resolved unless explicitly absolute
archive:sgml-common:post_install	A020	archive_lifecycle	sgml-common	packages/core/sgml-common/build.sh	post_install	archive:.scripts/post_install.sh	sha256:83a37c20b08d3a7e34ae86795d1317b8c65d15e0802cd58bf5fe3695fdced8cf	archive:sgml-common/.scripts/post_install.sh	/usr/bin/bash -e	pkm/hooks.py	root	SGML catalog source	/etc/sgml catalog files	install-catalog	none	body SHA-256 83a37c20b08d3a7e34ae86795d1317b8c65d15e0802cd58bf5fe3695fdced8cf bound to base recipe; package archive/index trust precedes extraction	root /etc DAC	transitional Cx:archive-lifecycle/sgml-catalog; end state stable package-owned Px; never inherit pkm	sgml-catalog	pkm starts /usr/bin/bash -e; body children remain PATH-resolved unless explicitly absolute
archive:shadow:post_install	A021	archive_lifecycle	shadow	packages/core/shadow/build.sh	post_install	archive:.scripts/post_install.sh	sha256:dfd9b8ff22f9d5be5f83f9b7c7ffd042f4102faa412a6a9b26618f2a06218602	archive:shadow/.scripts/post_install.sh	/usr/bin/bash -e	pkm/hooks.py	root	account databases	passwd/group shadow databases and a test account	grpconv; pwconv; useradd	none	body SHA-256 dfd9b8ff22f9d5be5f83f9b7c7ffd042f4102faa412a6a9b26618f2a06218602 bound to base recipe; package archive/index trust precedes extraction	root account-database DAC	transitional Cx:archive-lifecycle/account-db-normalize; end state stable package-owned Px; never inherit pkm	account-db-normalize	pkm starts /usr/bin/bash -e; body children remain PATH-resolved unless explicitly absolute
archive:shared-mime-info:post_install	A088	archive_lifecycle	shared-mime-info	packages/desktop/shared-mime-info/build.sh	post_install	archive:.scripts/post_install.sh	sha256:06cedadd38863d82aff9f78efeca81754ee7b2c3b4ce4aa8161896e8f0975ee8	archive:shared-mime-info/.scripts/post_install.sh	/usr/bin/bash -e	pkm/hooks.py	root	MIME package XML	/usr/share/mime generated database	update-mime-database	none	body SHA-256 06cedadd38863d82aff9f78efeca81754ee7b2c3b4ce4aa8161896e8f0975ee8 bound to base recipe; package archive/index trust precedes extraction	root MIME-directory DAC	transitional Cx:archive-lifecycle/mime-cache; end state stable package-owned Px; never inherit pkm	mime-cache	pkm starts /usr/bin/bash -e; body children remain PATH-resolved unless explicitly absolute
archive:systemd-pass2:post_install	A089	archive_lifecycle	systemd-pass2	packages/desktop/systemd-pass2/build.sh	post_install	archive:.scripts/post_install.sh	sha256:4dcd82691d83f61c3f875f305c527856f6c3fc60dd0a7a17444e4b3b659aee78	archive:systemd-pass2/.scripts/post_install.sh	/usr/bin/bash -e	pkm/hooks.py	root	/usr/lib/security/pam_systemd.so; /run/systemd/system	running system-manager process/state via daemon-reexec	systemctl daemon-reexec	none	body SHA-256 4dcd82691d83f61c3f875f305c527856f6c3fc60dd0a7a17444e4b3b659aee78 bound to base recipe; package archive/index trust precedes extraction	system-manager D-Bus and PID1 re-exec authority	transitional Cx:archive-lifecycle/pkg-systemd-pass2; end state stable package-owned Px; never inherit pkm	pkg-systemd-pass2	pkm starts /usr/bin/bash -e; body children remain PATH-resolved unless explicitly absolute
archive:systemd:post_install	A022	archive_lifecycle	systemd	packages/core/systemd/build.sh	post_install	archive:.scripts/post_install.sh	sha256:701c8279959cf4a0cffb880599c892cc937cd0a83aed06dfa207165184cdaa49	archive:systemd/.scripts/post_install.sh	/usr/bin/bash -e	pkm/hooks.py	root	target /etc/machine-id and preset policy	systemd unit-enable symlinks only on first-install roots	systemctl preset-all or --root preset-all	none	body SHA-256 701c8279959cf4a0cffb880599c892cc937cd0a83aed06dfa207165184cdaa49 bound to base recipe; package archive/index trust precedes extraction	root /etc DAC; system-manager interaction on live root	transitional Cx:archive-lifecycle/pkg-systemd; end state stable package-owned Px; never inherit pkm	pkg-systemd	pkm starts /usr/bin/bash -e; body children remain PATH-resolved unless explicitly absolute
archive:tela-icon-theme:post_install	A090	archive_lifecycle	tela-icon-theme	packages/desktop/tela-icon-theme/build.sh	post_install	archive:.scripts/post_install.sh	sha256:6a34f4ac3a0e7a0da4c30c0e2e1f9e94f97f9fa643cf97d0cd1085665bcc31a6	archive:tela-icon-theme/.scripts/post_install.sh	/usr/bin/bash -e	pkm/hooks.py	root	multiple installed icon themes	each theme's icon-theme.cache	gtk-update-icon-cache	none	body SHA-256 6a34f4ac3a0e7a0da4c30c0e2e1f9e94f97f9fa643cf97d0cd1085665bcc31a6 bound to base recipe; package archive/index trust precedes extraction	root theme-directory DAC	transitional Cx:archive-lifecycle/icon-cache-multi; end state stable package-owned Px; never inherit pkm	icon-cache-multi	pkm starts /usr/bin/bash -e; body children remain PATH-resolved unless explicitly absolute
archive:texinfo-core:post_install	A023	archive_lifecycle	texinfo-core	packages/core/texinfo-core/build.sh	post_install	archive:.scripts/post_install.sh	sha256:00730c82deaab85bd1d733918dc910d06b01fd1d8ddc5cda50d49f1a80f43409	archive:texinfo-core/.scripts/post_install.sh	/usr/bin/bash -e	pkm/hooks.py	root	regular Info documents	/usr/share/info/dir	install-info; rm	none	body SHA-256 00730c82deaab85bd1d733918dc910d06b01fd1d8ddc5cda50d49f1a80f43409 bound to base recipe; package archive/index trust precedes extraction	root shared-doc DAC	transitional Cx:archive-lifecycle/pkg-texinfo-core; end state stable package-owned Px; never inherit pkm	pkg-texinfo-core	pkm starts /usr/bin/bash -e; body children remain PATH-resolved unless explicitly absolute
archive:timeshift:post_install	A117	archive_lifecycle	timeshift	packages/extra/timeshift/build.sh	post_install	archive:.scripts/post_install.sh	sha256:7f72bdd18f722c983e5e69a1883c1cc59a9afe43582bf5e17fb17b77c01366f5	archive:timeshift/.scripts/post_install.sh	/usr/bin/bash -e	pkm/hooks.py	root	desktop entries and icons	mimeinfo.cache and icon-theme.cache	update-desktop-database; gtk-update-icon-cache	none	body SHA-256 7f72bdd18f722c983e5e69a1883c1cc59a9afe43582bf5e17fb17b77c01366f5 bound to base recipe; package archive/index trust precedes extraction	root application/icon-directory DAC	transitional Cx:archive-lifecycle/desktop-icon-cache; end state stable package-owned Px; never inherit pkm	desktop-icon-cache	pkm starts /usr/bin/bash -e; body children remain PATH-resolved unless explicitly absolute
archive:tpm2-tss:post_install	A091	archive_lifecycle	tpm2-tss	packages/desktop/tpm2-tss/build.sh	post_install	archive:.scripts/post_install.sh	sha256:f821b2f50fe161034e58accd292ab77877a61c1be9e301709b9eb7e940788cb0	archive:tpm2-tss/.scripts/post_install.sh	/usr/bin/bash -e	pkm/hooks.py	root	named package paths	named state directories and modes	install	none	body SHA-256 f821b2f50fe161034e58accd292ab77877a61c1be9e301709b9eb7e940788cb0 bound to base recipe; package archive/index trust precedes extraction	root DAC and ownership setting	transitional Cx:archive-lifecycle/state-dir-install; end state stable package-owned Px; never inherit pkm	state-dir-install	pkm starts /usr/bin/bash -e; body children remain PATH-resolved unless explicitly absolute
archive:transmission:post_install	A118	archive_lifecycle	transmission	packages/extra/transmission/build.sh	post_install	archive:.scripts/post_install.sh	sha256:545a159f05ba4507710dcdb30fbed54e8c21f475282432a02eafd19fa14edc7c	archive:transmission/.scripts/post_install.sh	/usr/bin/bash -e	pkm/hooks.py	root	desktop entries and icons	mimeinfo.cache and icon-theme.cache	update-desktop-database; gtk-update-icon-cache	none	body SHA-256 545a159f05ba4507710dcdb30fbed54e8c21f475282432a02eafd19fa14edc7c bound to base recipe; package archive/index trust precedes extraction	root application/icon-directory DAC	transitional Cx:archive-lifecycle/desktop-icon-cache; end state stable package-owned Px; never inherit pkm	desktop-icon-cache	pkm starts /usr/bin/bash -e; body children remain PATH-resolved unless explicitly absolute
archive:user-theme:post_install	A092	archive_lifecycle	user-theme	packages/desktop/user-theme/build.sh	post_install	archive:.scripts/post_install.sh	sha256:15e51ad16915a694ff076f97ba82f4054e5a4eafaa40d2e368c1450594a1884c	archive:user-theme/.scripts/post_install.sh	/usr/bin/bash -e	pkm/hooks.py	root	GLib schema XML/overrides	gschemas.compiled	glib-compile-schemas	none	body SHA-256 15e51ad16915a694ff076f97ba82f4054e5a4eafaa40d2e368c1450594a1884c bound to base recipe; package archive/index trust precedes extraction	root schema-directory DAC	transitional Cx:archive-lifecycle/glib-schemas; end state stable package-owned Px; never inherit pkm	glib-schemas	pkm starts /usr/bin/bash -e; body children remain PATH-resolved unless explicitly absolute
archive:valkey:post_install	A119	archive_lifecycle	valkey	packages/extra/valkey/build.sh	post_install	archive:.scripts/post_install.sh	sha256:97d7c8a355042642290fafe6c6009c5217612b1b29a442c564cbdf7fb1a5c362	archive:valkey/.scripts/post_install.sh	/usr/bin/bash -e	pkm/hooks.py	root	sysusers fragment; AppArmor profile; named state/config paths	account databases; named ownership; running-kernel AppArmor policy	systemd-sysusers; chown; apparmor_parser	none	body SHA-256 97d7c8a355042642290fafe6c6009c5217612b1b29a442c564cbdf7fb1a5c362 bound to base recipe; package archive/index trust precedes extraction	CAP_CHOWN; root DAC; CAP_MAC_ADMIN	transitional Cx:archive-lifecycle/server-policy-sysusers; end state stable package-owned Px; never inherit pkm	server-policy-sysusers	pkm starts /usr/bin/bash -e; body children remain PATH-resolved unless explicitly absolute
archive:websockets:post_install	A120	archive_lifecycle	websockets	packages/extra/websockets/build.sh	post_install	archive:.scripts/post_install.sh	sha256:edf1f65da439e29a34c538a80df71bcd21a581d6c6a5dec0cbb2083b70bd5a3c	archive:websockets/.scripts/post_install.sh	/usr/bin/bash -e	pkm/hooks.py	root	installed Python module/package metadata	possible Python bytecode cache	python3	none	body SHA-256 edf1f65da439e29a34c538a80df71bcd21a581d6c6a5dec0cbb2083b70bd5a3c bound to base recipe; package archive/index trust precedes extraction	read installed Python; possible cache DAC	transitional Cx:archive-lifecycle/python-import-check; end state stable package-owned Px; never inherit pkm	python-import-check	pkm starts /usr/bin/bash -e; body children remain PATH-resolved unless explicitly absolute
archive:whitesur-gtk-theme:post_install	A-NOOP-022	archive_noop	whitesur-gtk-theme	packages/desktop/whitesur-gtk-theme/build.sh	post_install	archive:.scripts/post_install.sh	sha256:e1b31f81d4527a55ec0897dd72d8e270e64348ef8aeae13ebc7c520d605ff484	archive:whitesur-gtk-theme/.scripts/post_install.sh	/usr/bin/bash -e	pkm/hooks.py	root today	none	none	none	none	exact body SHA-256 sha256:e1b31f81d4527a55ec0897dd72d8e270e64348ef8aeae13ebc7c520d605ff484; conservative no-op classifier with mutation controls	none	remove declarations or make hook sealing skip semantically empty bodies; no child execution authority	no-op-aggregate	pkm starts /usr/bin/bash -e; body children remain PATH-resolved unless explicitly absolute
archive:whitesur-icon-theme:post_install	A093	archive_lifecycle	whitesur-icon-theme	packages/desktop/whitesur-icon-theme/build.sh	post_install	archive:.scripts/post_install.sh	sha256:5a33069dcd22928d6ff859959f69bfad43738f902c1515b42f16ca4d614f3744	archive:whitesur-icon-theme/.scripts/post_install.sh	/usr/bin/bash -e	pkm/hooks.py	root	multiple installed icon themes	each theme's icon-theme.cache	gtk-update-icon-cache	none	body SHA-256 5a33069dcd22928d6ff859959f69bfad43738f902c1515b42f16ca4d614f3744 bound to base recipe; package archive/index trust precedes extraction	root theme-directory DAC	transitional Cx:archive-lifecycle/icon-cache-multi; end state stable package-owned Px; never inherit pkm	icon-cache-multi	pkm starts /usr/bin/bash -e; body children remain PATH-resolved unless explicitly absolute
archive:wireplumber:post_install	A094	archive_lifecycle	wireplumber	packages/desktop/wireplumber/build.sh	post_install	archive:.scripts/post_install.sh	sha256:ee1be88905c13d5e3a7c13ad85352f93be07b116026a3b16b685daebbdb63b62	archive:wireplumber/.scripts/post_install.sh	/usr/bin/bash -e	pkm/hooks.py	root	installed user unit definitions	/etc/systemd/user enablement symlinks	systemctl --global enable	none	body SHA-256 ee1be88905c13d5e3a7c13ad85352f93be07b116026a3b16b685daebbdb63b62 bound to base recipe; package archive/index trust precedes extraction	root /etc DAC	transitional Cx:archive-lifecycle/systemd-global-enable; end state stable package-owned Px; never inherit pkm	systemd-global-enable	pkm starts /usr/bin/bash -e; body children remain PATH-resolved unless explicitly absolute
archive:xdg-desktop-portal-gnome:post_install	A095	archive_lifecycle	xdg-desktop-portal-gnome	packages/desktop/xdg-desktop-portal-gnome/build.sh	post_install	archive:.scripts/post_install.sh	sha256:1c9df1f128227754eed3fd298b04db6ddc4197de03f8b6d7ee2e541804748b58	archive:xdg-desktop-portal-gnome/.scripts/post_install.sh	/usr/bin/bash -e	pkm/hooks.py	root	GLib schema XML/overrides	gschemas.compiled	glib-compile-schemas	none	body SHA-256 1c9df1f128227754eed3fd298b04db6ddc4197de03f8b6d7ee2e541804748b58 bound to base recipe; package archive/index trust precedes extraction	root schema-directory DAC	transitional Cx:archive-lifecycle/glib-schemas; end state stable package-owned Px; never inherit pkm	glib-schemas	pkm starts /usr/bin/bash -e; body children remain PATH-resolved unless explicitly absolute
build-only:pkm.repo.sign_index:gpg	none	build_only	gnupg2	pkm/repo.py	index-signing	/usr/bin/gpg	sha256:495d0bc0fa1ccc1dda314d23efaf8ce333400a4475e8ab2d4b3526c304824675	/usr/bin/gpg	native executable	pkm/repo.py sign_index	invoking repository publisher	repository index and publisher-selected signing key	detached armored index signature	/usr/bin/gpg	none	nonzero signer exit is fatal; detached signature is checked by repository consumers	publisher credential access only; no installed package-manager privilege	build/publish-only; outside the installed pkm profile and still bound to an absolute executable	index-signing	absolute argv[0]; this library path is not reachable from the installed pkm CLI
canonical:account-skel-seed	C001	canonical	intergenos-base-files	pkm/hooks.py	account-skel-seed	/usr/bin/bash	sha256:520bb944d3b19d842a5bdb472496a7e2b05402b1b45e5443604256b5300a6c05	/usr/lib/intergenos/seed-account-skel.sh	/usr/bin/bash	pkm/hooks.py; pkm/hooks.py	root	/usr/share/intergenos-base-files/account-skel; existing /etc/{passwd,group,shadow,gshadow}	create-only /etc/{passwd,group,shadow,gshadow}	/usr/bin/bash; /usr/bin/install	none	base-pinned command construction plus installed owner resolution	root DAC write; ownership/mode setting	Px:intergenos-base-files account-seed child	account-skel-seed	absolute Bash, script and install executable
canonical:apparmor-reload	C007	canonical	apparmor	pkm/hooks.py	apparmor-reload	/usr/sbin/apparmor_parser	sha256:62f58b0543b3f34e9b55a690863d2654ea908d4efbbe7d32f930fbceb694fb94	/usr/sbin/apparmor_parser	native executable or reviewed script interpreter	pkm/hooks.py; pkm/hooks.py	root	/etc/apparmor.d profile plus abstractions, tunables and ABI	running-kernel AppArmor policy	/usr/sbin/apparmor_parser	none	base-pinned command construction plus installed owner resolution	CAP_MAC_ADMIN; securityfs/AppArmor policy control	Px:apparmor_parser with only profile-load inputs and CAP_MAC_ADMIN	apparmor-reload	absolute argv[0] bound to the reviewed program
canonical:ca-trust	C008	canonical	unresolved	pkm/hooks.py	ca-trust	/usr/bin/update-ca-trust	sha256:389bb7e731cdcc6e9a663b4ab158d246ce4b56252dfd1f1781c7ed711a9f8a92	/usr/bin/update-ca-trust (required; producer missing)	native executable or reviewed script interpreter	pkm/hooks.py; pkm/hooks.py	root	/etc/ca-certificates; /usr/share/ca-certificates	intended CA trust store outputs, unresolved	/usr/bin/update-ca-trust	none	required program is absent; expected provider ca-certificates does not ship the updater in this release	would require root trust-store write	prerequisite: ca-certificates supplies and verifies the updater; until then the critical hook fails loudly	ca-trust	absolute argv[0] bound to the reviewed program
canonical:depmod	C004	canonical	kmod	pkm/hooks.py	depmod	/usr/sbin/depmod	sha256:c994754fa6f543e7f71d99afb40604f32d138af899ec006401063700a9f834ed	/usr/sbin/depmod	native executable or reviewed script interpreter	pkm/hooks.py; pkm/hooks.py	root	/usr/lib/modules/<kernel> modules and metadata	/usr/lib/modules/<kernel>/modules.* indexes	/usr/sbin/depmod	none	base-pinned command construction plus installed owner resolution	root DAC write to module tree	Cx:pkm-canonical/<shape> for the first enforced wave; end state Px to a bounded named child; missing child denies	depmod	absolute argv[0] bound to the reviewed program
canonical:desktop-db	C011	canonical	desktop-file-utils	pkm/hooks.py	desktop-db	/usr/bin/update-desktop-database	sha256:4a7aab2ea6c32b9a5f503ec7801f798aaffa0eca52a8b05640579f464a219b47	/usr/bin/update-desktop-database	native executable or reviewed script interpreter	pkm/hooks.py; pkm/hooks.py	root	/usr/share/applications/*.desktop	/usr/share/applications/mimeinfo.cache	/usr/bin/update-desktop-database	none	base-pinned command construction plus installed owner resolution	root DAC write to application database	Cx:pkm-canonical/<shape> for the first enforced wave; end state Px to a bounded named child; missing child denies	desktop-db	absolute argv[0] bound to the reviewed program
canonical:font-cache	C010	canonical	fontconfig	pkm/hooks.py	font-cache	/usr/bin/fc-cache	sha256:6621092f3efcf080121fad605d9e2c95dae3094260f5fdb6873c2ae5ce8e030f	/usr/bin/fc-cache	native executable or reviewed script interpreter	pkm/hooks.py; pkm/hooks.py	root	fontconfig config and /usr/share/fonts	/var/cache/fontconfig and root/user cache as selected by fontconfig	/usr/bin/fc-cache	none	base-pinned command construction plus installed owner resolution	root DAC write to font caches	Cx:pkm-canonical/<shape> for the first enforced wave; end state Px to a bounded named child; missing child denies	font-cache	absolute argv[0] bound to the reviewed program
canonical:glib-compile-schemas	C006	canonical	glib2	pkm/hooks.py	glib-compile-schemas	/usr/bin/glib-compile-schemas	sha256:28fb36c918562c3dea1eae42e3128736be1699a5d30b1dd51ecd3c0184169ed1	/usr/bin/glib-compile-schemas	native executable or reviewed script interpreter	pkm/hooks.py; pkm/hooks.py	root	/usr/share/glib-2.0/schemas/*.xml and *.override	/usr/share/glib-2.0/schemas/gschemas.compiled	/usr/bin/glib-compile-schemas	none	base-pinned command construction plus installed owner resolution	root DAC write to schema directory	Cx:pkm-canonical/<shape> for the first enforced wave; end state Px to a bounded named child; missing child denies	glib-schemas	absolute argv[0] bound to the reviewed program
canonical:icon-cache	C009	canonical	gtk3	pkm/hooks.py	icon-cache	/usr/bin/gtk-update-icon-cache	sha256:ea781bdf203d091ebba97116052fa5561d41cc91a7a869d702d1ef8097456c0d	/usr/bin/gtk-update-icon-cache	native executable or reviewed script interpreter	pkm/hooks.py; pkm/hooks.py	root	/usr/share/icons/<theme>/index.theme and icons	/usr/share/icons/<theme>/icon-theme.cache	/usr/bin/gtk-update-icon-cache	none	base-pinned command construction plus installed owner resolution	root DAC write to theme directory	Cx:pkm-canonical/<shape> for the first enforced wave; end state Px to a bounded named child; missing child denies	icon-cache	absolute argv[0] bound to the reviewed program
canonical:ldconfig	C005	canonical	glibc	pkm/hooks.py	ldconfig	/usr/sbin/ldconfig	sha256:720fbfb8ec12bb7ea84b75ea5ef942151812a6957b4687a48b9e954eba317948	/usr/sbin/ldconfig	native executable or reviewed script interpreter	pkm/hooks.py; pkm/hooks.py	root	/etc/ld.so.conf{,.d/*}; shared libraries	/etc/ld.so.cache and temporary cache	/usr/sbin/ldconfig	none	base-pinned command construction plus installed owner resolution	root DAC write to loader cache	Cx:pkm-canonical/<shape> for the first enforced wave; end state Px to a bounded named child; missing child denies	ldconfig	absolute argv[0] bound to the reviewed program
canonical:mime-db	C012	canonical	shared-mime-info	pkm/hooks.py	mime-db	/usr/bin/update-mime-database	sha256:0f7cd6179118589084eb4daaf0274bc072cdd459f96d889fea01c64b95599f94	/usr/bin/update-mime-database	native executable or reviewed script interpreter	pkm/hooks.py; pkm/hooks.py	root	/usr/share/mime/packages/*.xml	/usr/share/mime generated database files	/usr/bin/update-mime-database	none	base-pinned command construction plus installed owner resolution	root DAC write to MIME database	Cx:pkm-canonical/<shape> for the first enforced wave; end state Px to a bounded named child; missing child denies	mime-db	absolute argv[0] bound to the reviewed program
canonical:systemd-daemon-reload	C013	canonical	systemd	pkm/hooks.py	systemd-daemon-reload	/usr/bin/systemctl	sha256:00cd22b58114e80d9c4360a2278b8ba02940f18ccd09f19e4078b6a42fcd9868	/usr/bin/systemctl	native executable or reviewed script interpreter	pkm/hooks.py; pkm/hooks.py	root	/usr/lib/systemd/system and /etc/systemd/system unit definitions	system manager runtime state/cache	/usr/bin/systemctl	none	base-pinned command construction plus installed owner resolution	D-Bus access to system manager	Cx:pkm-canonical/<shape> for the first enforced wave; end state Px to a bounded named child; missing child denies	systemd-daemon-reload	absolute argv[0] bound to the reviewed program
canonical:sysusers	C002	canonical	systemd	pkm/hooks.py	sysusers	/usr/bin/systemd-sysusers	sha256:ca5ed2e3fdc812be895b7d29a8b0ae40b2b8b60a4bcaf460b0c5fd40449b3d7b	/usr/bin/systemd-sysusers	native executable or reviewed script interpreter	pkm/hooks.py; pkm/hooks.py	root	fresh /usr/lib/sysusers.d/*.conf; account databases	/etc/{passwd,group,shadow,gshadow}	/usr/bin/systemd-sysusers	none	base-pinned command construction plus installed owner resolution	root account-database DAC write	Cx:pkm-canonical/<shape> for the first enforced wave; end state Px to a bounded named child; missing child denies	sysusers	absolute argv[0] bound to the reviewed program
canonical:tmpfiles	C003	canonical	systemd	pkm/hooks.py	tmpfiles	/usr/bin/systemd-tmpfiles	sha256:1adaac0b22b5207a65a7d4f5e9218b8e8a4323b242d70573957e7aed945d9452	/usr/bin/systemd-tmpfiles	native executable or reviewed script interpreter	pkm/hooks.py; pkm/hooks.py	root	fresh /usr/lib/tmpfiles.d/*.conf	declared runtime/state paths and ownership	/usr/bin/systemd-tmpfiles	none	base-pinned command construction plus installed owner resolution	root DAC; chown; mknod only if a fragment requests it	Cx:pkm-canonical/<shape> for the first enforced wave; end state Px to a bounded named child; missing child denies	tmpfiles	absolute argv[0] bound to the reviewed program
download-helper:brave:igos-install-brave	H001	download_helper	brave	packages/extra/brave/build.sh	download-helper	/usr/bin/igos-install-brave	sha256:b8bae8ac1de6d4185bbfaeda17eb5a7cdcf4da16e87e574af813aa8cebc8145e	/usr/bin/igos-install-brave	#!/bin/bash	pkm/installer.py	root	/usr/share/igos/helpers/keyrings/brave-keyring.gpg; vendor metadata and .deb	/opt/brave.com/brave; /usr/bin/brave-browser*; desktop/icons; helper manifest; legal acceptance; /var/lib/igos/helpers/brave.manifest	wget; gpgv; sha256sum; awk; ar; tar; install/cp/ln/chmod; gtk-update-icon-cache	brave-browser-apt-release.s3.brave.com	pinned keyring; gpgv InRelease; Packages SHA-256 from InRelease; .deb SHA-256 from Packages	root package-destination DAC/chown; outbound TLS; process creation	package-owned enforced Px; missing profile denies; never inherit pkm	brave-helper	shell: pkm starts an absolute helper with /usr/bin/bash shebang; helper command names are PATH-relative
download-helper:chatgpt:igos-install-chatgpt	H002	download_helper	chatgpt	packages/extra/chatgpt/build.sh	download-helper	/usr/bin/igos-install-chatgpt	sha256:6e8a8f091f735da65c6f7c0854aab523a393a49242d7863467aac9724460625c	/usr/bin/igos-install-chatgpt	#!/bin/bash	pkm/installer.py	root	/usr/share/igos/helpers/keyrings/chatgpt-keyring.gpg; vendor metadata and .deb	/opt/chatgpt; /usr/bin/chatgpt; /usr/lib/chatgpt; desktop/pixmap; helper manifest; legal acceptance; /var/lib/igos/helpers/chatgpt.manifest	wget; gpgv; sha256sum; awk; ar; tar; node; install/cp/ln/chmod	persistent.oaistatic.com	pinned keyring; gpgv InRelease; Packages SHA-256 from InRelease; .deb SHA-256 from Packages	root package-destination DAC/chown; outbound TLS; process creation	package-owned enforced Px; missing profile denies; never inherit pkm	chatgpt-helper	shell: pkm starts an absolute helper with /usr/bin/bash shebang; helper command names are PATH-relative
download-helper:chrome:igos-install-chrome	H003	download_helper	chrome	packages/extra/chrome/build.sh	download-helper	/usr/bin/igos-install-chrome	sha256:dd2011eb7c2d25b3d9940bf2116a941f780acdf35b7acac71aebd7174b71a5b3	/usr/bin/igos-install-chrome	#!/bin/bash	pkm/installer.py	root	/usr/share/igos/helpers/keyrings/chrome-keyring.gpg; vendor metadata and .deb	/opt/google/chrome; /usr/bin/google-chrome*; desktop/icons/man; helper manifest; legal acceptance; /var/lib/igos/helpers/chrome.manifest	wget; gpgv; sha256sum; awk; ar; tar; install/cp/ln/chmod; gtk-update-icon-cache	dl.google.com	pinned keyring; gpgv InRelease; Packages SHA-256 from InRelease; .deb SHA-256 from Packages	root package-destination DAC/chown; outbound TLS; process creation	package-owned enforced Px; missing profile denies; never inherit pkm	chrome-helper	shell: pkm starts an absolute helper with /usr/bin/bash shebang; helper command names are PATH-relative
download-helper:claude-code:igos-install-claude-code	H004	download_helper	claude-code	packages/extra/claude-code/build.sh	download-helper	/usr/bin/igos-install-claude-code	sha256:468a1823d83d5903b2bfc94697e646f5ba1087c6c823f2f9c6db16bca798c684	/usr/bin/igos-install-claude-code	#!/bin/bash	pkm/installer.py	root; VS Code extension child runs as SUDO_USER	npm registry metadata/packages; installed module package.json; downloaded VSIX; helper library	/usr/lib/node_modules/@anthropic-ai/claude-code and executable; per-user VS Code extension; helper manifest; legal acceptance; /var/lib/igos/helpers/claude-code.manifest	npm; node; curl; sha256sum; timeout; VS Code code --install-extension; sudo -u SUDO_USER for extension	registry.npmjs.org; anthropic.gallery.vsassets.io	npm install --ignore-scripts into isolated tree; critical-advisory refusal; npm audit signatures; exact installed-version read-back; VSIX pinned SHA-256	root package-destination DAC/chown; outbound TLS; process creation; bounded uid transition through sudo for VS Code extension	package-owned enforced Px; missing profile denies; never inherit pkm; bounded sudo-user extension subpath	claude-code-helper	shell: pkm starts an absolute helper with /usr/bin/bash shebang; helper command names are PATH-relative
download-helper:codex:igos-install-codex	H005	download_helper	codex	packages/extra/codex/build.sh	download-helper	/usr/bin/igos-install-codex	sha256:43a462ec649b0a9cf7d121ed2b7ed8850fdb96d7fed1914d0fe949724809854a	/usr/bin/igos-install-codex	#!/bin/bash	pkm/installer.py	root; VS Code extension child runs as SUDO_USER	npm registry metadata/packages; downloaded VSIX; helper library	/usr/lib/node_modules/@openai/codex and executable; per-user VS Code extension; helper manifest; legal acceptance; /var/lib/igos/helpers/codex.manifest	npm; curl; sha256sum; timeout; VS Code code --install-extension; sudo -u SUDO_USER for extension	registry.npmjs.org; openai.gallery.vsassets.io	critical npm advisory refusal and pinned version; NO npm audit signatures call; exact VSIX pinned SHA-256; installed CLI version is not independently read back against registry signature	root package-destination DAC/chown; outbound TLS; process creation; bounded uid transition through sudo for VS Code extension	package-owned enforced Px; missing profile denies; never inherit pkm; bounded sudo-user extension subpath	codex-helper	shell: pkm starts an absolute helper with /usr/bin/bash shebang; helper command names are PATH-relative
download-helper:cuda-toolkit:igos-install-cuda-toolkit	H006	download_helper	cuda-toolkit	packages/compute/cuda-toolkit/helper/igos-install-cuda-toolkit	download-helper	/usr/bin/igos-install-cuda-toolkit	sha256:d109e4343d9784a7c8bf4b1465f02ceedaa075fd265bc0bb068a0c2ff1435b98	/usr/bin/igos-install-cuda-toolkit	#!/bin/bash	pkm/installer.py	root	downloaded pinned .run; PCI state; EULA inside extracted payload	/opt/cuda; /etc/ld.so.conf.d/cuda.conf; helper manifest; verbatim EULA and acceptance; /var/lib/igos/helpers/cuda-toolkit.manifest	wget; sha256sum; md5sum; sh vendor extractor; python3; rsync/install; ldconfig; lspci	developer.download.nvidia.com	recipe-pinned SHA-256 is fatal; vendor MD5 constant is corroboration only; .run is extracted with --extract and not installed as a vendor script	root package-destination DAC/chown; outbound TLS; process creation	package-owned enforced Px; missing profile denies; never inherit pkm	cuda-toolkit-helper	shell: pkm starts an absolute helper with /usr/bin/bash shebang; helper command names are PATH-relative
download-helper:discord:igos-install-discord	H007	download_helper	discord	packages/extra/discord/build.sh	download-helper	/usr/bin/igos-install-discord	sha256:4830e6bee11027cd58a02f3fed36176885051e0b35992cd47b23f5fe23c9050d	/usr/bin/igos-install-discord	#!/bin/bash	pkm/installer.py	root	downloaded tarball; helper library	/opt/discord; /usr/bin/discord; desktop/icon; helper manifest; legal/trust acceptance; /var/lib/igos/helpers/discord.manifest	wget; tar; find; install/ln; gtk-update-icon-cache	discord.com	HTTPS transport only; explicit accepted trust limitation; no cryptographic tarball verification	root package-destination DAC/chown; outbound TLS; process creation	package-owned enforced Px; missing profile denies; never inherit pkm	discord-helper	shell: pkm starts an absolute helper with /usr/bin/bash shebang; helper command names are PATH-relative
download-helper:edge:igos-install-edge	H008	download_helper	edge	packages/extra/edge/build.sh	download-helper	/usr/bin/igos-install-edge	sha256:94f0f60821c20e5453a2fac1d204a6e2e756d8e9dc5eaf5a980d88fc61d8dadf	/usr/bin/igos-install-edge	#!/bin/bash	pkm/installer.py	root	/usr/share/igos/helpers/keyrings/edge-keyring.gpg; vendor metadata and .deb	/opt/microsoft/msedge; /usr/bin/microsoft-edge*; desktop/icons/man; helper manifest; legal acceptance; /var/lib/igos/helpers/edge.manifest	wget; gpgv; sha256sum; awk; ar; tar; install/cp/ln/chmod; gtk-update-icon-cache	packages.microsoft.com	pinned keyring; gpgv InRelease; Packages SHA-256 from InRelease; .deb SHA-256 from Packages	root package-destination DAC/chown; outbound TLS; process creation	package-owned enforced Px; missing profile denies; never inherit pkm	edge-helper	shell: pkm starts an absolute helper with /usr/bin/bash shebang; helper command names are PATH-relative
download-helper:ffmpeg-nonfree:igos-install-ffmpeg-nonfree	H009	download_helper	ffmpeg-nonfree	packages/extra/ffmpeg-nonfree/build.sh	download-helper	/usr/bin/igos-install-ffmpeg-nonfree	sha256:aa36a2403fcc1d360753bd5460f794652f28073a91d54902164dd6922125af58	/usr/bin/igos-install-ffmpeg-nonfree	#!/bin/bash	pkm/installer.py	root	downloaded FFmpeg source tarball; helper library	/opt/ffmpeg-nonfree; /usr/local/bin/ffmpeg-nonfree; helper manifest; legal acceptance; /var/lib/igos/helpers/ffmpeg-nonfree.manifest	wget; sha256sum; tar; configure; make; install	ffmpeg.org	recipe-pinned SHA-256 checked with sha256sum -c before extraction	root package-destination DAC/chown; outbound TLS; process creation	package-owned enforced Px; missing profile denies; never inherit pkm	ffmpeg-nonfree-helper	shell: pkm starts an absolute helper with /usr/bin/bash shebang; helper command names are PATH-relative
download-helper:ge-proton:igos-install-ge-proton	H010	download_helper	ge-proton	packages/extra/ge-proton/build.sh	download-helper	/usr/bin/igos-install-ge-proton	sha256:9b8000ed4918f3f4a744e626abf028d98880ca79cb618b21eb5e11dc351739a0	/usr/bin/igos-install-ge-proton	#!/bin/bash	pkm/installer.py	root	downloaded release tarball and optional checksum sidecar; helper library	/opt/igos/compat-tools; helper manifest; legal acceptance; /var/lib/igos/helpers/ge-proton.manifest	wget; sha512sum; tar; install/mv	github.com	recipe-pinned SHA-512 is fatal; upstream sidecar is corroborated when available and disagreement is fatal	root package-destination DAC/chown; outbound TLS; process creation	package-owned enforced Px; missing profile denies; never inherit pkm	ge-proton-helper	shell: pkm starts an absolute helper with /usr/bin/bash shebang; helper command names are PATH-relative
download-helper:signal:igos-install-signal	H011	download_helper	signal	packages/extra/signal/build.sh	download-helper	/usr/bin/igos-install-signal	sha256:ec281748a0dfa4758b733c3f4315bcfc292d67eea2ef3451c20649f6f75a1721	/usr/bin/igos-install-signal	#!/bin/bash	pkm/installer.py	root	/usr/share/igos/helpers/keyrings/signal-keyring.gpg; vendor metadata and .deb	/opt/Signal; /usr/bin/signal-desktop; desktop/icons; helper manifest; legal acceptance; /var/lib/igos/helpers/signal.manifest	wget; gpgv; sha256sum; awk; ar; tar; install/cp/ln/chmod; gtk-update-icon-cache	updates.signal.org	pinned keyring; gpgv InRelease; Packages SHA-256 from InRelease; .deb SHA-256 from Packages	root package-destination DAC/chown; outbound TLS; process creation	package-owned enforced Px; missing profile denies; never inherit pkm	signal-helper	shell: pkm starts an absolute helper with /usr/bin/bash shebang; helper command names are PATH-relative
download-helper:spotify:igos-install-spotify	H012	download_helper	spotify	packages/extra/spotify/build.sh	download-helper	/usr/bin/igos-install-spotify	sha256:bfc722320f078f699e6831aa043fd37e28dfc788210fd786e25639261557d34d	/usr/bin/igos-install-spotify	#!/bin/bash	pkm/installer.py	root	/usr/share/igos/helpers/keyrings/spotify-keyring.gpg; vendor metadata and .deb	/opt/spotify; /usr/bin/spotify; desktop/icons; helper manifest; legal acceptance; /var/lib/igos/helpers/spotify.manifest	wget; gpgv; sha256sum; awk; ar; tar; install/cp/ln/chmod; gtk-update-icon-cache	repository.spotify.com	pinned keyring; gpgv InRelease; Packages SHA-256 from InRelease; .deb SHA-256 from Packages	root package-destination DAC/chown; outbound TLS; process creation	package-owned enforced Px; missing profile denies; never inherit pkm	spotify-helper	shell: pkm starts an absolute helper with /usr/bin/bash shebang; helper command names are PATH-relative
download-helper:steam:igos-install-steam	H013	download_helper	steam	packages/extra/steam/build.sh	download-helper	/usr/bin/igos-install-steam	sha256:9b879f7ff726d7512cfb2371a57c08f7625bcb4c34b9fbeb9f3d248cb6701ce3	/usr/bin/igos-install-steam	#!/bin/bash	pkm/installer.py	root	/usr/share/igos/helpers/keyrings/steam-keyring.gpg; vendor metadata and .deb	/usr/lib/steam; /usr/bin/steam*; icons; helper manifest; legal acceptance; /var/lib/igos/helpers/steam.manifest	wget; gpgv; sha256sum; awk; ar; tar; install/cp; gtk-update-icon-cache	repo.steampowered.com	pinned keyring; gpgv InRelease; signed SHA-1 digest exception only for the pinned Valve fingerprint; Packages and .deb SHA-256 chain	root package-destination DAC/chown; outbound TLS; process creation	package-owned enforced Px; missing profile denies; never inherit pkm	steam-helper	shell: pkm starts an absolute helper with /usr/bin/bash shebang; helper command names are PATH-relative
download-helper:vscode:igos-install-vscode	H014	download_helper	vscode	packages/extra/vscode/build.sh	download-helper	/usr/bin/igos-install-vscode	sha256:c734fd470e2dafb00da9b54f8a9c63e6f45fa37681099cac0e28957b4ae158a9	/usr/bin/igos-install-vscode	#!/bin/bash	pkm/installer.py	root	/usr/share/igos/helpers/keyrings/vscode-keyring.gpg; vendor metadata and .deb	/usr/share/code or /opt/vscode; /usr/bin/code; desktop/pixmap/man; helper manifest; legal acceptance; /var/lib/igos/helpers/vscode.manifest	wget; gpgv; sha256sum; awk; ar; tar; install/cp/ln/chmod	packages.microsoft.com	pinned keyring; gpgv InRelease; Packages SHA-256 from InRelease; .deb SHA-256 from Packages	root package-destination DAC/chown; outbound TLS; process creation	package-owned enforced Px; missing profile denies; never inherit pkm	vscode-helper	shell: pkm starts an absolute helper with /usr/bin/bash shebang; helper command names are PATH-relative
download-helper:zoom:igos-install-zoom	H015	download_helper	zoom	packages/extra/zoom/build.sh	download-helper	/usr/bin/igos-install-zoom	sha256:76b8fd559a7d0167ef3cbd3ca1f3b4a4c41d1b0e7641ec17f937070e40103f74	/usr/bin/igos-install-zoom	#!/bin/bash	pkm/installer.py	root	downloaded .deb; pinned Zoom keyring; embedded _gpgbuilder manifest	/opt/zoom; /usr/bin/zoom; desktop/icons/pixmap; helper manifest; legal acceptance; /var/lib/igos/helpers/zoom.manifest	wget; sha256sum; ar; gpgv; sha1sum; stat; tar; install/ln; gtk-update-icon-cache	cdn.zoom.us	recipe-pinned whole-.deb SHA-256; embedded Zoom debsigs signature via pinned keyring/fingerprint; every signed member SHA-1 and size recomputed	root package-destination DAC/chown; outbound TLS; process creation	package-owned enforced Px; missing profile denies; never inherit pkm	zoom-helper	shell: pkm starts an absolute helper with /usr/bin/bash shebang; helper command names are PATH-relative
eula-helper:nvidia:nvidia-eula	H016	eula_helper	nvidia	packages/extra/nvidia/eula-helper/nvidia-eula.py	eula-helper	/usr/lib/intergen/eula-helpers/nvidia-eula	sha256:a57e3d827e7677ac16c77aa475d88c8393c4b15f08f49984afccfc3142141bd1	/usr/lib/intergen/eula-helpers/nvidia-eula	/usr/bin/python3 -P	pkm/installer.py	root	bundled nvidia-eula.LICENSE; existing acceptance marker	/var/lib/intergen/eula/nvidia-userspace.accepted and verbatim accepted text; /var/lib/igos/helpers/nvidia.manifest	/usr/bin/env resolves python3; Python performs file I/O; no child subprocess	none	EULA text is bundled from the same recipe-pinned NVIDIA .run inside the signed package archive; size/empty checks; no network	root package-destination DAC/chown; outbound TLS; process creation	permanent package-owned enforced Px; first-install temporary copy uses narrow Cx:eula-gate with no network or package-destination write	nvidia-helper	absolute Python interpreter with -P; current directory excluded from imports
pkm-edge:archive-bash-mediator	D006	pkm_edge	bash	pkm/hooks.py	archive-bash-mediator	/usr/bin/bash	sha256:f954b943f946466d5cad14c146df73bb68b16c72d8763def7b7a24f30d8d9aaf	/usr/bin/bash -e <staged .scripts hook>	native ELF shell interpreter	pkm/hooks.py	root	verified extracted .scripts hook plus its declared inputs	delegated to one of the 120 non-noop hook rows	/usr/bin/bash and hook-specific children	none in the 120 base hooks	script comes from verified package archive; body hashes and owner map are inventory inputs	root shell; only shape-specific rules; no parent inheritance	transitional Cx:archive-lifecycle/<shape>; end state package-owned stable Px	archive-bash-mediator	absolute argv[0] bound to the reviewed program
pkm-edge:chroot-mediation	D005	pkm_edge	coreutils	pkm/installer.py;pkm/remover.py	chroot-mediation	/usr/sbin/chroot	sha256:6e9bf432146b662b207505944ca0a0d9d1f38efb23a3bb33f8df35cb52b5b4db	/usr/sbin/chroot	native ELF	pkm/installer.py; pkm/remover.py,414-447	root	explicit alternate root and exact stable package-hook path within it	none itself; child hook writes inside target root	/usr/sbin/chroot then exact hook	none	alternate-root path resolved before exec; hook existence/executable checked	CAP_SYS_CHROOT; execute only target-owned hook	Cx:pkm-chroot-mediator with CAP_SYS_CHROOT and exact target-hook transition; must not inherit broad pkm writes	chroot-mediation	absolute argv[0] bound to the reviewed program
pkm-edge:gpgv-verify	D002	pkm_edge	gnupg2	pkm/repo.py	gpgv-verify	/usr/bin/gpgv	sha256:08102ae226098f7546c5ec426d36010112d1fda2ef82ef2a816611644a20ffba	/usr/bin/gpgv	native ELF	pkm/repo.py	caller uid; repository updates normally root	/etc/pkm/trusted.gpg; downloaded index/signature	none	/usr/bin/gpgv	none	pinned release-key fingerprint is checked after gpgv VALIDSIG	read-only trust verification	Cx:pkm-gpgv local enforced read-only child; no broad GnuPG abstraction	gpgv-verify	absolute argv[0] bound to the reviewed program
pkm-edge:python-launcher	D001	pkm_edge	python	packages/core/pkm/build.sh;scripts/create-image.sh	python-launcher	/usr/bin/python3 -P -m pkm	sha256:a50751de4c3b490d7a92680f09a18c13d3fcb82de54ce4d97bc880aee7b57504	/usr/bin/python3 -P -m pkm	native ELF Python interpreter with safe-path mode	packages/core/pkm/build.sh	caller uid; mutations require root	/usr/lib/python3.14/site-packages/pkm; Python stdlib/site; dynamic libraries	Python bytecode cache where permitted	/usr/bin/python3	none directly; pkm urllib opens mirror TLS in-process	installed launcher uses absolute Python but current base lacks safe-path -P	normal Python runtime; parent pkm capabilities remain in-domain	rix in usr.bin.pkm after Python safe-path mode lands; eliminates null child without granting a second domain	python-launcher	absolute interpreter with -P; current directory excluded from imports
pkm-edge:service-query	D003	pkm_edge	systemd	pkm/services.py	service-query	/usr/bin/systemctl	sha256:0f18a350808888a977e71fd5e625be89682ab7fa767b59b9253bed32c9cfd3d5	/usr/bin/systemctl is-active	native ELF	pkm/services.py	root during install/upgrade	systemd unit state via D-Bus	none	/usr/bin/systemctl	none	per-unit return code; timeout and errors remain visible/unknown	D-Bus query to system manager	Cx:pkm-service-query enforced child with read/query-only D-Bus rules	service-query	absolute argv[0] bound to the reviewed program
pkm-edge:service-restart	D004	pkm_edge	systemd	pkm/services.py	service-restart	/usr/bin/systemctl	sha256:5128219ac04074e8180d612b396ec97c87e0a98804849a644098b00c349bc9a9	/usr/bin/systemctl restart	native ELF	pkm/services.py	root	named unit state	restarts only units passed by pkm restart-services; changes service runtime state	/usr/bin/systemctl	none	per-unit success map; failures retained	D-Bus restart authority limited to the enumerated unit argument	Cx:pkm-service-restart enforced child; separate from query because it mutates service state	service-restart	absolute argv[0] bound to the reviewed program
pre-transaction:intergenos-backup:chronicle-restore-point	P001	pre_transaction	intergenos-backup	assets/intergenos-backup/chronicle-pretxn-handler	pre-transaction	/usr/lib/pkm/pre-transaction.d/chronicle-restore-point	sha256:f016b088405cf826777fe59cb738140d6b2d6c9979324c31252d45577f789cee	/usr/lib/pkm/pre-transaction.d/chronicle-restore-point	/usr/bin/python3 -P	pkm/pretxn.py	root	JSON transaction footprint on stdin; /run/chronicle/engine.sock through Chronicle API; /usr/libexec/chronicle; current files and pkm DB named by footprint	Chronicle restore point under /var/lib/chronicle or configured store	Python imports Chronicle API/engine; no direct subprocess	none	signed package payload; malformed JSON and capture failures return nonzero loudly	root DAC read of transaction files; root write to Chronicle store; Unix-socket IPC	Px:intergenos-backup-owned enforced Chronicle pre-transaction profile; missing profile denies rather than inheriting pkm	chronicle-restore-point	absolute Python interpreter with -P; current directory excluded from imports
stable-hook:intel-ucode:post-install	S002	stable_hook	intel-ucode	packages/core/intel-ucode/hooks/post-install.sh	post-install	/var/lib/pkm/hooks/intel-ucode/post-install	sha256:f6b1bc77c952861d038407eb491e00f2f82f1c357af8cec350d7292e0ae737c4	/var/lib/pkm/hooks/intel-ucode/post-install	/usr/bin/bash	pkm/installer.py	root	/lib/firmware/{intel-ucode,amd-ucode}; installed kernel/microcode helpers	/boot/*-ucode.img; /var/log/intergen-kernel-postinstall.log; chained kernel-hook outputs	/var/lib/pkm/hooks/linux-kernel/post-install; /usr/lib/intergen/build-microcode-cpio.sh; iucode_tool; mkdir; date; rm	none	signed package payload plus base-pinned source/body hash	root boot-file DAC write; chained child capabilities	package-owned enforced Px child; missing profile denies; never inherit pkm authority	intel-ucode-runtime	shell: pkm starts an absolute hook with /usr/bin/bash shebang; inner command names are mostly PATH-relative
stable-hook:linux-kernel-pass2:post-install	S004	stable_hook	linux-kernel-pass2	packages/core/linux-kernel/hooks/post-install.sh	post-install	/var/lib/pkm/hooks/linux-kernel-pass2/post-install	sha256:33fd7992193b98e44e281794e3cb696ffde630905e84348a115460031ae688e3	/var/lib/pkm/hooks/linux-kernel-pass2/post-install	/usr/bin/bash	pkm/installer.py	root	same program bytes and inputs as linux-kernel hook	same outputs as linux-kernel hook	same children as linux-kernel hook	none	signed package payload plus base-pinned source/body hash	same as linux-kernel hook	package-owned enforced Px child; missing profile denies; never inherit pkm authority	kernel-uki-runtime	shell: pkm starts an absolute hook with /usr/bin/bash shebang; inner command names are mostly PATH-relative
stable-hook:linux-kernel:post-install	S003	stable_hook	linux-kernel	packages/core/linux-kernel/hooks/post-install.sh	post-install	/var/lib/pkm/hooks/linux-kernel/post-install	sha256:33fd7992193b98e44e281794e3cb696ffde630905e84348a115460031ae688e3	/var/lib/pkm/hooks/linux-kernel/post-install	/usr/bin/bash	pkm/installer.py	root	/boot/vmlinuz-*; /etc/{machine-id,crypttab,kernel/cmdline,kernel/cmdline.d/*}; /proc/cmdline; /lib/modules; user MOK key/cert; helper programs	/boot/{initramfs.img,*-ucode.img}; ESP /boot/efi/EFI/Linux/*.efi; boot menu; /usr/lib/intergen/fde-initramfs.cpio.gz; kernel/module retention; logs	/usr/lib/intergen/{build-microcode-cpio.sh,build-fde-initramfs.sh,update-boot-menu.sh,prune-old-kernels.sh}; ukify; objdump; stat; grep; tr; sed; awk; tee; NVIDIA rebuild hook	none	signed package payload plus base-pinned source/body hash	root boot/ESP DAC; read MOK private key; module-tree write; chained child privileges	package-owned enforced Px child; missing profile denies; never inherit pkm authority	kernel-uki-runtime	shell: pkm starts an absolute hook with /usr/bin/bash shebang; inner command names are mostly PATH-relative
stable-hook:llama-cpp-cuda:post-install	S001	stable_hook	llama-cpp-cuda	packages/compute/llama-cpp-cuda/hooks/post-install.sh	post-install	/var/lib/pkm/hooks/llama-cpp-cuda/post-install	sha256:4b0823c7105f25eb142fe047a3b668c3e411922eb241591bcbc2c7a7da87319c	/var/lib/pkm/hooks/llama-cpp-cuda/post-install	/usr/bin/bash	pkm/installer.py	root	/opt/cuda/lib64/libcudart.so; PATH lookup for nvidia-smi	none	shell builtins only; command -v does not start nvidia-smi	none	signed package payload plus base-pinned source/body hash	read-only package-state probe	package-owned enforced Px child; missing profile denies; never inherit pkm authority	llama-cuda-advisory	shell: pkm starts an absolute hook with /usr/bin/bash shebang; inner command names are mostly PATH-relative
stable-hook:nvidia:post-install	S005	stable_hook	nvidia	packages/extra/nvidia/hooks/post-install.sh	post-install	/var/lib/pkm/hooks/nvidia/post-install	sha256:903b4f271a4ee6e70886a9f0a4a6cebd70e2409ad473001cb3683b3fd8afd54f	/var/lib/pkm/hooks/nvidia/post-install	/usr/bin/bash	pkm/installer.py	root	PCI/kernel/module state; /lib/modules/<kernel>/build; NVIDIA hook helpers; cmdline fragments	/lib/modules/<kernel>/extra/nvidia; depmod indexes; signed modules; UKI/boot state through chained kernel hook; /var/log/intergen-nvidia-postinstall.log	check-hardware.sh; rebuild-modules; uname; readlink; lsmod; grep; modprobe; linux-kernel hook; tee	none	signed package payload plus base-pinned source/body hash	root module-tree DAC; CAP_SYS_MODULE for unload; MOK signing through child; boot writes	package-owned enforced Px child; missing profile denies; never inherit pkm authority	nvidia-install-runtime	shell: pkm starts an absolute hook with /usr/bin/bash shebang; inner command names are mostly PATH-relative
stable-hook:nvidia:pre-remove	S006	stable_hook	nvidia	packages/extra/nvidia/hooks/pre-remove.sh	pre-remove	/var/lib/pkm/hooks/nvidia/pre-remove	sha256:249dcb8bcb71e62891ffdf12caa7cb12100f368625a812a76fc9e6c451e3803d	/var/lib/pkm/hooks/nvidia/pre-remove	/usr/bin/bash	pkm/remover.py,414-447	root	systemd unit existence/state; loaded modules; /lib/modules/*/extra/nvidia	systemd enablement/runtime state; deletes generated NVIDIA modules; depmod indexes; NVIDIA log	systemctl cat/stop/disable; lsmod; grep; modprobe -r; rm; depmod	none	signed package payload plus base-pinned source/body hash	root recursive module delete; CAP_SYS_MODULE; system-manager D-Bus	package-owned enforced Px child; missing profile denies; never inherit pkm authority	nvidia-remove-runtime	shell: pkm starts an absolute hook with /usr/bin/bash shebang; inner command names are mostly PATH-relative
